#{"t_start": 1739318749.766118, "env_id": "None"}
r,l,t
-11336.0,288,2.936418
-10379.0,288,3.524842
-11325.0,288,4.215326
-11308.0,288,4.865135
-11812.0,288,5.585807
-10427.0,288,6.353214
-11011.0,288,7.171124
-10170.0,288,9.670992
-12236.0,288,10.539368
-10610.0,288,11.325092
-9821.0,288,12.225417
-10838.0,288,13.156216
-9598.0,288,14.008643
-11861.0,288,14.896059
-11807.0,288,17.7026
-12774.0,288,18.454163
-11447.0,288,19.394758
-12017.0,288,20.095905
-11315.0,288,20.745082
-12487.0,288,21.458229
-12252.0,288,22.084991
-11100.0,288,24.67756
-9414.0,288,25.381931
-12190.0,288,26.17759
-11284.0,288,27.34697
-11909.0,288,28.15789
-11043.0,288,28.952296
-9730.0,288,29.60502
-11920.0,288,32.750705
-11524.0,288,33.480849
-11787.0,288,34.114062
-11226.0,288,34.848157
-12013.0,288,35.83099
-11626.0,288,36.496726
-9788.0,288,37.351146
-10835.0,288,40.285877
-10828.0,288,41.067935
-12388.0,288,41.745854
-13110.0,288,42.459352
-9061.0,288,43.206815
-10865.0,288,44.156031
-9936.0,288,44.941428
-11906.0,288,47.579952
-9682.0,288,48.156573
-9503.0,288,48.765757
-10811.0,288,49.389047
-10976.0,288,49.933654
-10814.0,288,50.555649
-12091.0,288,51.472144
-11825.0,288,53.931521
-10910.0,288,54.470824
-10770.0,288,55.010687
-16183.0,288,55.532911
-11792.0,288,56.035285
-10664.0,288,56.547931
-10950.0,288,57.055541
-14450.0,288,59.570054
-11890.0,288,60.329357
-10226.0,288,61.113771
-11151.0,288,61.883998
-10858.0,288,62.568433
-10516.0,288,63.261845
-13439.0,288,63.946658
-10428.0,288,64.884086
-12416.0,288,68.090019
-9268.0,288,68.902264
-10906.0,288,69.641978
-13692.0,288,70.332417
-10646.0,288,71.04609
-9435.0,288,71.578007
-10115.0,288,72.104345
-9621.0,288,74.539507
-10682.0,288,75.450708
-11360.0,288,76.072927
-14463.0,288,76.711356
-13485.0,288,77.434707
-11746.0,288,78.28623
-9261.0,288,79.000946
-11362.0,288,81.91232
-12335.0,288,82.521963
-12965.0,288,83.519665
-12709.0,288,84.214966
-11097.0,288,84.916987
-12479.0,288,85.740029
-10645.0,288,86.570097
-12796.0,288,89.239564
-11775.0,288,90.002394
-11732.0,288,90.804752
-10943.0,288,91.62026
-10528.0,288,92.39763
-11264.0,288,93.06981
-12053.0,288,93.621129
-12322.0,288,95.873919
-11648.0,288,96.458551
-13018.0,288,97.090165
-11969.0,288,97.663425
-11190.0,288,98.400224
-13264.0,288,98.976406
-10705.0,288,99.565184
-11196.0,288,102.029769
-13678.0,288,102.78148
-10620.0,288,103.559381
-8968.0,288,104.299659
-12214.0,288,104.968107
-10136.0,288,105.814482
-11219.0,288,106.486627
-11442.0,288,108.945571
-13743.0,288,109.675366
-12195.0,288,110.470595
-12138.0,288,111.239406
-11886.0,288,111.886924
-10074.0,288,112.482284
-11261.0,288,113.42409
-10420.0,288,115.803851
-10187.0,288,116.531698
-12317.0,288,117.189199
-12450.0,288,117.890874
-10478.0,288,118.618407
-10921.0,288,119.336964
-10981.0,288,119.978315
-11517.0,288,122.689404
-10909.0,288,123.741685
-10293.0,288,124.578924
-12324.0,288,125.35913
-11841.0,288,125.982515
-10667.0,288,126.658316
-11968.0,288,127.379689
-10562.0,288,127.99405
-11136.0,288,130.455515
-12700.0,288,131.249367
-11113.0,288,131.967327
-12307.0,288,132.685576
-10223.0,288,133.425118
-11781.0,288,134.068059
-10288.0,288,134.604342
-13957.0,288,137.010848
-13003.0,288,137.896692
-11561.0,288,138.597723
-11126.0,288,139.237136
-10627.0,288,140.020706
-11851.0,288,140.646434
-11657.0,288,141.386924
-11622.0,288,144.433075
-10973.0,288,145.385131
-9750.0,288,146.521717
-9852.0,288,147.58303
-10303.0,288,148.270816
-10637.0,288,149.082181
-11122.0,288,149.842039
-12305.0,288,152.434806
-12114.0,288,153.163017
-10245.0,288,153.914593
-12441.0,288,154.933488
-10888.0,288,155.718213
-10535.0,288,156.473386
-12812.0,288,157.265779
-11872.0,288,159.634341
-10477.0,288,160.34525
-12169.0,288,161.059619
-12287.0,288,161.921451
-12146.0,288,162.603409
-12912.0,288,163.439313
-11526.0,288,164.160962
-10880.0,288,166.829955
-11727.0,288,167.628597
-10306.0,288,168.325445
-12565.0,288,169.128726
-12226.0,288,170.008795
-9098.0,288,170.73109
-10340.0,288,171.708786
-10856.0,288,174.780761
-11061.0,288,175.636254
-10880.0,288,176.363809
-11409.0,288,176.978207
-11350.0,288,177.730575
-9872.0,288,178.692642
-12719.0,288,179.550819
-9753.0,288,182.857975
-12585.0,288,183.621378
-10561.0,288,184.268057
-12763.0,288,184.892818
-11236.0,288,185.464652
-10785.0,288,186.016335
-11001.0,288,186.778442
-13085.0,288,189.301094
-11188.0,288,189.967093
-10602.0,288,190.94416
-11284.0,288,191.572831
-11083.0,288,192.151715
-10789.0,288,192.691577
-12449.0,288,193.278237
-12735.0,288,194.109064
-10315.0,288,196.326197
-11332.0,288,196.894898
-11450.0,288,197.440617
-12352.0,288,197.983999
-12780.0,288,198.56533
-11326.0,288,199.179976
-11829.0,288,200.041127
-11368.0,288,202.717311
-11139.0,288,203.351311
-11795.0,288,203.916962
-11704.0,288,204.501426
-10063.0,288,205.136164
-11707.0,288,205.707177
-10748.0,288,206.2477
-9858.0,288,208.473743
-11332.0,288,209.2396
-12099.0,288,209.79877
-11196.0,288,210.438884
-12599.0,288,211.000127
-11205.0,288,211.557241
-10703.0,288,212.126014
-11230.0,288,214.279054
-13762.0,288,214.792844
-9849.0,288,215.672066
-11862.0,288,216.259811
-11400.0,288,216.901768
-11880.0,288,217.444869
-10806.0,288,218.044539
-10327.0,288,220.242878
-12211.0,288,220.849074
-11362.0,288,221.437466
-10997.0,288,222.17172
-10933.0,288,222.706925
-13432.0,288,223.305949
-11860.0,288,223.8736
-10328.0,288,226.336955
-9370.0,288,227.018512
-11245.0,288,227.851301
-10350.0,288,228.399959
-12246.0,288,229.088714
-10690.0,288,229.667094
-8862.0,288,230.222262
-12474.0,288,232.477512
-11907.0,288,233.214851
-10157.0,288,233.871058
-12582.0,288,234.496952
-11371.0,288,235.226247
-12002.0,288,236.08479
-11745.0,288,236.703753
-12087.0,288,238.990655
-12831.0,288,239.620324
-14114.0,288,240.365372
-11541.0,288,241.129961
-10621.0,288,241.789722
-10299.0,288,242.494815
-12104.0,288,243.341794
-12102.0,288,245.868996
-12270.0,288,246.502806
-12969.0,288,247.171752
-10828.0,288,247.806051
-11320.0,288,248.342496
-11664.0,288,248.903622
-10887.0,288,249.515896
-11208.0,288,250.374438
-12118.0,288,252.768468
-13092.0,288,253.538984
-10919.0,288,254.216005
-10004.0,288,254.881791
-12986.0,288,255.561924
-9725.0,288,256.120771
-13255.0,288,256.84023
-13590.0,288,259.584323
-10041.0,288,260.301044
-11886.0,288,261.043264
-12386.0,288,261.739565
-11434.0,288,262.516
-11601.0,288,263.336704
-11458.0,288,264.033373
-11350.0,288,266.534922
-13377.0,288,267.391992
-11875.0,288,268.019126
-10708.0,288,268.565667
-10304.0,288,269.213497
-11579.0,288,269.752158
-12585.0,288,270.307423
-12668.0,288,272.714775
-12267.0,288,273.507216
-11763.0,288,274.495002
-12389.0,288,275.174046
-13199.0,288,275.855804
-10520.0,288,276.858826
-11345.0,288,277.564958
-12672.0,288,280.05959
-10986.0,288,280.641491
-10102.0,288,281.29139
-10676.0,288,282.087639
-11362.0,288,282.656481
-11137.0,288,283.338691
-11238.0,288,284.037804
-10148.0,288,286.315548
-10328.0,288,286.892855
-11660.0,288,287.498469
-12528.0,288,288.081425
-11868.0,288,288.825701
-12044.0,288,289.41342
-11645.0,288,289.954609
-12355.0,288,292.066521
-11145.0,288,292.686848
-11063.0,288,293.263536
-10533.0,288,293.850039
-11728.0,288,294.411131
-10165.0,288,295.174859
-10275.0,288,295.69725
-11885.0,288,297.998471
-10301.0,288,298.59572
-12556.0,288,299.206956
-9600.0,288,299.813819
-12386.0,288,300.482268
-13547.0,288,301.347481
-10645.0,288,302.453148
-10908.0,288,306.766956
-12105.0,288,308.205391
-12282.0,288,309.100172
-10178.0,288,309.85696
-11246.0,288,310.477181
-10479.0,288,311.012387
-11129.0,288,311.5329
-13746.0,288,312.315067
-11039.0,288,315.262975
-12250.0,288,315.892298
-11652.0,288,316.468085
-11705.0,288,317.050454
-12300.0,288,317.691559
-11442.0,288,318.244773
-11844.0,288,318.757863
-11219.0,288,321.343987
-11398.0,288,321.917411
-11165.0,288,322.554391
-11765.0,288,323.133906
-11462.0,288,323.722512
-12563.0,288,324.298961
-11740.0,288,324.88715
-13661.0,288,327.501541
-10181.0,288,328.232723
-10828.0,288,328.777554
-11310.0,288,329.328678
-12691.0,288,329.905927
-10317.0,288,330.448414
-10991.0,288,331.018975
-12753.0,288,333.420968
-12325.0,288,334.035195
-10305.0,288,334.994728
-11872.0,288,335.651424
-12814.0,288,336.244119
-12280.0,288,336.85685
-10694.0,288,337.483077
-12418.0,288,339.844563
-11956.0,288,340.552986
-11002.0,288,341.103499
-10649.0,288,341.834512
-10909.0,288,342.416898
-10398.0,288,343.166508
-11662.0,288,343.931615
-12397.0,288,346.076736
-12237.0,288,346.653313
-11303.0,288,347.265151
-12004.0,288,347.854276
-10626.0,288,348.621631
-11668.0,288,349.245074
-11905.0,288,349.89611
-11032.0,288,352.37888
-8998.0,288,353.035299
-11494.0,288,353.789225
-10605.0,288,354.534816
-10484.0,288,355.166447
-11276.0,288,356.189117
-11374.0,288,356.862196
-11179.0,288,359.147803
-12126.0,288,359.854606
-12916.0,288,360.496959
-12407.0,288,361.129016
-11172.0,288,361.872523
-11445.0,288,362.530824
-11964.0,288,363.451069
-11017.0,288,365.828162
-10872.0,288,366.771693
-11355.0,288,367.507124
-11608.0,288,368.109503
-11012.0,288,368.718113
-11992.0,288,369.4249
-13253.0,288,369.954568
-11966.0,288,370.818056
-12860.0,288,373.071901
-11784.0,288,373.776052
-10096.0,288,374.548808
-9306.0,288,375.140647
-10206.0,288,375.881276
-11644.0,288,376.554222
-11103.0,288,377.252872
-12192.0,288,379.916656
-10756.0,288,380.596549
-11736.0,288,381.314736
-12951.0,288,381.981683
-11198.0,288,382.64441
-11673.0,288,383.235536
-10625.0,288,383.865252
-12622.0,288,386.319246
-11879.0,288,387.290763
-13002.0,288,387.962253
-9124.0,288,388.596866
-10592.0,288,389.247779
-10168.0,288,389.858147
-11545.0,288,390.513432
-10816.0,288,392.866987
-9785.0,288,393.518534
-10036.0,288,394.552198
-12351.0,288,395.24995
-12958.0,288,396.066427
-11863.0,288,396.695057
-12418.0,288,397.365586
-11551.0,288,399.503629
-13800.0,288,400.059335
-10445.0,288,400.72824
-11948.0,288,401.581523
-12696.0,288,402.195764
-12168.0,288,402.879507
-11950.0,288,403.458405
-10651.0,288,405.587218
-10894.0,288,406.1766
-12751.0,288,406.706538
-10767.0,288,407.265673
-11653.0,288,407.98526
-9029.0,288,408.582009
-11936.0,288,409.160918
-10973.0,288,411.266042
-10770.0,288,411.908652
-12782.0,288,412.497765
-10083.0,288,413.057416
-12617.0,288,413.602945
-10288.0,288,414.496402
-11278.0,288,415.082164
-13402.0,288,417.571292
-10879.0,288,418.196539
-11191.0,288,418.869477
-9496.0,288,419.476288
-10368.0,288,420.051977
-10165.0,288,420.696459
-11714.0,288,421.644997
-11328.0,288,424.216617
-10277.0,288,425.168411
-10355.0,288,426.017335
-10213.0,288,426.631775
-11321.0,288,427.258154
-12027.0,288,427.870314
-10412.0,288,428.461248
-12674.0,288,429.172576
-10970.0,288,431.341041
-13566.0,288,432.062324
-10739.0,288,432.648811
-11273.0,288,433.340182
-12446.0,288,434.142895
-12245.0,288,434.827548
-10950.0,288,435.495131
-13488.0,288,438.005502
-11927.0,288,438.697727
-11304.0,288,439.353945
-13001.0,288,439.925628
-12431.0,288,440.653564
-12137.0,288,441.382427
-12251.0,288,442.103002
-10600.0,288,444.57695
-13227.0,288,445.539107
-12823.0,288,446.30881
-14103.0,288,447.089446
-11021.0,288,447.886598
-10780.0,288,448.654856
-11541.0,288,449.376576
-10875.0,288,451.683276
-11632.0,288,452.320526
-10543.0,288,453.117372
-12811.0,288,453.785474
-11426.0,288,454.535629
-11028.0,288,455.204274
-12103.0,288,455.86894
-12201.0,288,458.049058
-13122.0,288,458.607242
-12216.0,288,459.159828
-10324.0,288,459.855598
-12544.0,288,460.439796
-11890.0,288,460.972909
-13265.0,288,461.481066
-11095.0,288,463.496373
-11022.0,288,464.044559
-12098.0,288,464.625962
-8332.0,288,465.356157
-11609.0,288,465.87358
-11145.0,288,466.464909
-12056.0,288,466.990582
-12024.0,288,469.187236
-10892.0,288,469.805874
-11181.0,288,470.376627
-13346.0,288,470.881568
-9193.0,288,471.544559
-11390.0,288,472.101871
-11664.0,288,472.65972
-10180.0,288,474.659466
-12743.0,288,475.189586
-9820.0,288,475.730642
-12802.0,288,476.327737
-11660.0,288,476.860689
-10979.0,288,477.572914
-12895.0,288,478.182187
-11422.0,288,480.287288
-11151.0,288,480.875531
-12621.0,288,481.522675
-12759.0,288,482.058333
-13005.0,288,482.598579
-12429.0,288,483.19906
-9995.0,288,483.918262
-9964.0,288,484.536522
-11997.0,288,486.936307
-11251.0,288,487.593307
-11941.0,288,488.153441
-11485.0,288,488.714164
-11646.0,288,489.220075
-10337.0,288,489.769879
-10558.0,288,490.472768
-10858.0,288,492.573656
-11078.0,288,493.125595
-11048.0,288,493.708444
-11092.0,288,494.342962
-10816.0,288,494.893782
-10656.0,288,495.410793
-11940.0,288,495.913649
-12153.0,288,498.146372
-12541.0,288,498.695034
-10887.0,288,499.229122
-11126.0,288,499.729152
-11138.0,288,500.279524
-11953.0,288,500.801846
-13023.0,288,501.295071
-10949.0,288,503.293221
-10613.0,288,503.948959
-10677.0,288,504.574835
-9415.0,288,505.086315
-10424.0,288,505.626747
-11275.0,288,506.186627
-11097.0,288,506.827532
-8623.0,288,508.897498
-11581.0,288,509.404406
-10933.0,288,510.0746
-12592.0,288,510.56629
-11224.0,288,511.085813
-9787.0,288,511.591431
-10994.0,288,512.120358
-11216.0,288,514.032013
-10910.0,288,514.544674
-11351.0,288,515.11537
-10728.0,288,515.775586
-12651.0,288,516.301541
-12279.0,288,516.844274
-11746.0,288,517.36939
-11280.0,288,519.443853
-11704.0,288,520.000778
-9883.0,288,520.607594
-11259.0,288,521.193596
-11997.0,288,521.87792
-11663.0,288,522.438447
-12295.0,288,523.088056
-12068.0,288,525.087888
-11712.0,288,525.634997
-12825.0,288,526.145679
-10362.0,288,526.671281
-11147.0,288,527.244563
-13554.0,288,527.960859
-12660.0,288,528.509897
-11331.0,288,530.512435
-12155.0,288,531.043375
-10790.0,288,531.546325
-11996.0,288,532.066583
-11902.0,288,532.576036
-12043.0,288,533.082656
-12682.0,288,533.731905
-11999.0,288,534.25424
-11432.0,288,536.159895
-11051.0,288,536.696515
-12073.0,288,537.212454
-10481.0,288,537.750456
-10517.0,288,538.263216
-11878.0,288,538.811634
-9333.0,288,539.511542
-10027.0,288,541.417211
-14044.0,288,541.924973
-10257.0,288,542.431434
-10478.0,288,542.981923
-13433.0,288,543.486407
-10975.0,288,543.992392
-11213.0,288,544.50912
-13000.0,288,546.623073
-10978.0,288,547.133386
-11132.0,288,547.700185
-14665.0,288,548.228031
-10467.0,288,548.745006
-11350.0,288,549.266251
-10942.0,288,549.798979
-12921.0,288,551.708973
-11900.0,288,552.389552
-10006.0,288,552.91117
-11195.0,288,553.410728
-11352.0,288,553.904624
-10970.0,288,554.447795
-10473.0,288,554.957529
-10486.0,288,556.925969
-12493.0,288,557.538884
-13176.0,288,558.237434
-9857.0,288,558.784163
-10634.0,288,559.310417
-11402.0,288,559.831318
-12398.0,288,560.347616
-10635.0,288,562.25908
-11934.0,288,562.788404
-11155.0,288,563.302299
-12511.0,288,563.954526
-10545.0,288,564.458422
-13487.0,288,564.958447
-10958.0,288,565.479116
-11369.0,288,567.57346
-9920.0,288,568.226862
-9861.0,288,568.911273
-10739.0,288,569.480765
-12899.0,288,570.247668
-11607.0,288,570.793902
-11742.0,288,571.357888
-10863.0,288,573.789137
-12174.0,288,574.404462
-12673.0,288,574.951417
-11907.0,288,575.496929
-12271.0,288,576.076777
-11714.0,288,577.01883
-14038.0,288,577.613077
-11020.0,288,580.687947
-11069.0,288,581.398547
-11042.0,288,581.941433
-11233.0,288,582.484243
-12108.0,288,583.054564
-10337.0,288,584.107152
-10814.0,288,585.127398
-11584.0,288,585.807528
-9601.0,288,588.292587
-10853.0,288,588.953488
-10964.0,288,589.551163
-10376.0,288,590.177876
-12440.0,288,590.69715
-11929.0,288,591.236972
-10426.0,288,592.01962
-10835.0,288,594.124082
-10047.0,288,594.680495
-11147.0,288,595.24043
-11286.0,288,595.777856
-11444.0,288,596.310771
-10391.0,288,596.864356
-12241.0,288,597.404494
-12658.0,288,600.054619
-11202.0,288,600.642162
-12047.0,288,601.160703
-12057.0,288,601.703156
-13696.0,288,602.220481
-11229.0,288,602.752264
-12724.0,288,603.262876
-9770.0,288,605.250015
-10670.0,288,605.922107
-10011.0,288,606.434462
-11859.0,288,606.935326
-12389.0,288,607.477225
-10808.0,288,608.003891
-11882.0,288,608.543659
-12124.0,288,610.511662
-11622.0,288,611.09282
-11459.0,288,611.751336
-12726.0,288,612.255898
-12577.0,288,612.804735
-12433.0,288,613.301279
-12087.0,288,613.788692
-10412.0,288,615.579846
-12061.0,288,616.067328
-10848.0,288,616.553961
-10440.0,288,617.2261
-10159.0,288,617.782988
-10810.0,288,618.288637
-11796.0,288,618.786759
-14427.0,288,620.583916
-10589.0,288,621.085306
-12451.0,288,621.580421
-10636.0,288,622.085209
-11665.0,288,622.735307
-10678.0,288,623.220611
-10293.0,288,623.699413
-10101.0,288,625.529853
-11968.0,288,626.029745
-11411.0,288,626.552665
-10249.0,288,627.08091
-10335.0,288,627.582654
-10066.0,288,628.27528
-10272.0,288,628.770559
-11345.0,288,630.527961
-12925.0,288,631.035057
-9862.0,288,631.506675
-10591.0,288,631.988738
-12676.0,288,632.461864
-11213.0,288,632.97645
-10805.0,288,633.607745
-10981.0,288,634.139852
-12328.0,288,635.969873
-11352.0,288,636.447347
-11955.0,288,636.929135
-10772.0,288,637.434042
-9765.0,288,637.954369
-12777.0,288,638.471061
-12631.0,288,639.119335
-11426.0,288,640.999183
-13574.0,288,641.528675
-11276.0,288,642.02414
-12277.0,288,642.500329
-11200.0,288,642.994882
-12625.0,288,643.510317
-11703.0,288,643.995473
-11169.0,288,645.866301
-11780.0,288,646.371551
-11461.0,288,646.847502
-10906.0,288,647.33622
-9676.0,288,647.868134
-11305.0,288,648.423224
-12123.0,288,648.942084
-11038.0,288,650.786701
-12780.0,288,651.428445
-9815.0,288,651.929015
-12207.0,288,652.428874
-12452.0,288,652.944085
-10672.0,288,653.455236
-11039.0,288,653.937707
-12966.0,288,655.718411
-11680.0,288,656.207662
-11890.0,288,656.851171
-11652.0,288,657.354634
-11895.0,288,657.881613
-10146.0,288,658.383849
-11750.0,288,658.875574
-10545.0,288,660.787931
-11169.0,288,661.314917
-9768.0,288,661.855113
-11511.0,288,662.542498
-10244.0,288,663.05002
-12779.0,288,663.566755
-9521.0,288,664.072389
-9495.0,288,666.012844
-12132.0,288,666.615269
-10395.0,288,667.119911
-11337.0,288,667.748675
-13231.0,288,668.440021
-11124.0,288,668.990306
-11139.0,288,669.48802
-11282.0,288,671.311395
-9991.0,288,671.818515
-11426.0,288,672.303168
-9254.0,288,672.833317
-11064.0,288,673.315373
-11659.0,288,673.939845
-11864.0,288,674.470842
-11269.0,288,676.253352
-10584.0,288,676.756546
-11888.0,288,677.261648
-11500.0,288,677.765581
-11558.0,288,678.264922
-10155.0,288,678.750838
-12206.0,288,679.395616
-12160.0,288,679.88421
-12636.0,288,681.716364
-10925.0,288,682.228752
-9161.0,288,682.756409
-11118.0,288,683.256186
-11141.0,288,683.79061
-12196.0,288,684.336461
-10757.0,288,685.023439
-12900.0,288,687.116224
-11599.0,288,687.685953
-12486.0,288,688.282165
-11265.0,288,688.782848
-12145.0,288,689.278408
-11018.0,288,689.793299
-10795.0,288,690.290881
-12242.0,288,692.3447
-10806.0,288,692.883542
-10891.0,288,693.396333
-11163.0,288,693.906019
-10612.0,288,694.523128
-10722.0,288,695.08864
-13265.0,288,695.590951
-11822.0,288,697.806562
-11960.0,288,698.71123
-10826.0,288,699.25047
-9727.0,288,699.798635
-10657.0,288,700.319126
-12137.0,288,700.827605
-12026.0,288,701.329594
-13282.0,288,703.539394
-11245.0,288,704.053286
-13153.0,288,704.736777
-12126.0,288,705.238388
-11100.0,288,705.749987
-12375.0,288,706.29199
-11805.0,288,706.800049
-10216.0,288,708.739544
-11256.0,288,709.237956
-12384.0,288,709.776251
-13252.0,288,710.560782
-11086.0,288,711.147813
-11624.0,288,711.692769
-11082.0,288,712.283518
-11682.0,288,714.474519
-11191.0,288,715.040404
-11643.0,288,715.601587
-12168.0,288,716.190098
-10783.0,288,717.023298
-12156.0,288,717.757206
-13309.0,288,718.352837
-10882.0,288,720.604131
-11593.0,288,721.167424
-10719.0,288,721.757871
-12355.0,288,722.439442
-11285.0,288,723.014075
-11877.0,288,723.998124
-12182.0,288,724.577913
-10068.0,288,726.66008
-11346.0,288,727.289781
-11081.0,288,727.811873
-9756.0,288,728.319778
-10914.0,288,728.83582
-12814.0,288,729.383924
-11633.0,288,730.091373
-12500.0,288,730.6273
-10255.0,288,732.441923
-10887.0,288,732.968161
-10895.0,288,733.482816
-11491.0,288,733.983059
-11356.0,288,734.486603
-10837.0,288,735.188344
-10401.0,288,735.782151
-11791.0,288,737.687799
-9995.0,288,738.188958
-14242.0,288,738.705185
-11997.0,288,739.349918
-8889.0,288,740.009188
-12196.0,288,740.687471
-10863.0,288,741.561171
-12239.0,288,743.570389
-12365.0,288,744.114951
-11121.0,288,744.644558
-12314.0,288,745.152416
-11769.0,288,745.662525
-10078.0,288,746.179019
-13241.0,288,746.718551
-12038.0,288,749.430772
-12001.0,288,750.009799
-10789.0,288,750.623103
-11336.0,288,751.364123
-10591.0,288,752.092589
-10838.0,288,752.85149
-11491.0,288,753.537141
-12164.0,288,755.971074
-11431.0,288,756.724358
-12057.0,288,757.284199
-12261.0,288,757.826733
-13323.0,288,758.364653
-11600.0,288,758.953623
-10632.0,288,759.55875
-10981.0,288,762.17702
-11847.0,288,762.805722
-12284.0,288,763.695071
-11036.0,288,764.278327
-9903.0,288,764.86998
-12577.0,288,765.469389
-10649.0,288,766.013527
-10383.0,288,768.102409
-12517.0,288,768.711023
-11058.0,288,769.268649
-11430.0,288,770.200611
-11282.0,288,770.803095
-12205.0,288,771.40982
-12211.0,288,771.982393
-10663.0,288,774.369278
-10546.0,288,774.930328
-9794.0,288,775.60469
-10957.0,288,776.28188
-9297.0,288,777.122016
-12878.0,288,777.687377
-11843.0,288,778.244483
-10938.0,288,780.506728
-9783.0,288,781.15782
-11221.0,288,781.841961
-11417.0,288,782.427643
-10341.0,288,782.963418
-12286.0,288,783.64772
-13111.0,288,784.331118
-11540.0,288,785.082039
-10533.0,288,787.455337
-12803.0,288,788.015647
-11339.0,288,788.636644
-9997.0,288,789.25122
-12013.0,288,789.879306
-9415.0,288,790.763623
-11219.0,288,791.466364
-12040.0,288,793.491381
-9870.0,288,794.057213
-10581.0,288,794.739627
-12290.0,288,795.381934
-11874.0,288,796.007125
-9540.0,288,796.616922
-10312.0,288,797.398852
-10759.0,288,799.691609
-9379.0,288,800.293439
-11262.0,288,800.952331
-9515.0,288,801.561195
-9715.0,288,802.195917
-12938.0,288,802.817024
-11236.0,288,803.406945
-11794.0,288,805.984786
-10980.0,288,806.711883
-11428.0,288,807.372499
-13053.0,288,808.050881
-11089.0,288,808.736501
-10296.0,288,809.364377
-10954.0,288,809.983502
-11255.0,288,812.222801
-11809.0,288,813.103662
-11350.0,288,813.765009
-10062.0,288,814.375411
-12538.0,288,814.98759
-11840.0,288,815.61757
-11888.0,288,816.225194
-11810.0,288,818.661701
-11250.0,288,819.25497
-11726.0,288,820.125202
-13061.0,288,820.690635
-13163.0,288,821.485214
-10788.0,288,822.113842
-11918.0,288,822.813446
-11247.0,288,825.071986
-11205.0,288,825.733268
-9502.0,288,826.357172
-9666.0,288,827.296478
-10215.0,288,827.975774
-12913.0,288,828.633006
-13195.0,288,829.271899
-12717.0,288,831.625435
-9869.0,288,832.281466
-10119.0,288,832.933012
-10902.0,288,833.567915
-12308.0,288,834.421785
-11676.0,288,835.071994
-10696.0,288,835.754908
-12431.0,288,838.206128
-11592.0,288,838.797445
-11585.0,288,839.545846
-11307.0,288,840.039856
-11230.0,288,840.642838
-11520.0,288,841.393151
-10159.0,288,841.942678
-11361.0,288,842.520456
-14050.0,288,844.898444
-11443.0,288,845.460091
-10653.0,288,845.999777
-12219.0,288,846.535275
-10889.0,288,847.117451
-10086.0,288,847.875702
-10943.0,288,848.424478
-9504.0,288,850.604438
-11334.0,288,851.148337
-13043.0,288,851.736115
-11972.0,288,852.274917
-10295.0,288,852.842395
-13771.0,288,853.389273
-11455.0,288,854.170974
-11039.0,288,856.295624
-10446.0,288,856.811219
-11367.0,288,857.352269
-11344.0,288,857.92696
-11807.0,288,858.595791
-14743.0,288,859.182434
-10514.0,288,859.73666
-11645.0,288,862.175734
-11970.0,288,862.748651
-11165.0,288,863.30538
-11545.0,288,863.833665
-9730.0,288,864.412396
-12719.0,288,865.009113
-13284.0,288,865.562691
-10104.0,288,867.656326
-10703.0,288,868.578515
-10768.0,288,869.24835
-11207.0,288,869.822425
-10698.0,288,870.38547
-10518.0,288,870.93487
-11343.0,288,871.509611
-12042.0,288,873.604153
-11172.0,288,874.175772
-10642.0,288,874.997429
-10588.0,288,875.556711
-9498.0,288,876.133803
-12111.0,288,876.702067
-12530.0,288,877.243815
-11652.0,288,879.347611
-11762.0,288,879.880965
-12419.0,288,880.439459
-13096.0,288,881.193646
-13220.0,288,881.764977
-11128.0,288,882.394139
-10363.0,288,883.083415
-10625.0,288,885.591621
-11125.0,288,886.267045
-13279.0,288,886.97516
-11348.0,288,887.651172
-11694.0,288,888.586401
-12159.0,288,889.241791
-11224.0,288,889.911887
-13284.0,288,892.413784
-9956.0,288,893.140054
-12990.0,288,893.729717
-12508.0,288,894.362849
-10118.0,288,894.933686
-13465.0,288,895.74319
-12325.0,288,896.369781
-9864.0,288,897.058184
-9999.0,288,899.516612
-10415.0,288,900.126998
-9943.0,288,900.740059
-13230.0,288,901.387322
-12394.0,288,901.950414
-10403.0,288,902.744245
-11752.0,288,903.355319
-10299.0,288,905.506244
-9784.0,288,906.087976
-11717.0,288,906.782794
-11007.0,288,907.343605
-10697.0,288,907.918492
-13947.0,288,908.458425
-9945.0,288,909.212731
-12505.0,288,911.335258
-10797.0,288,912.007604
-12003.0,288,912.618119
-10480.0,288,913.193574
-12454.0,288,913.761936
-11448.0,288,914.338715
-11167.0,288,914.876134
-12177.0,288,917.643834
-10862.0,288,918.346014
-10329.0,288,919.013369
-10622.0,288,919.686728
-10840.0,288,920.228823
-12239.0,288,920.811149
-10111.0,288,921.360856
-10234.0,288,923.386912
-10565.0,288,924.087937
-10591.0,288,924.730148
-9805.0,288,925.365603
-10002.0,288,925.978571
-10846.0,288,926.527439
-11353.0,288,927.051608
-11197.0,288,929.131338
-11502.0,288,929.710462
-11552.0,288,930.414859
-11944.0,288,930.913428
-12175.0,288,931.444666
-12079.0,288,932.016616
-15000.0,288,932.581658
-11121.0,288,934.969632
-10386.0,288,935.522794
-12082.0,288,936.050031
-10566.0,288,936.728929
-11045.0,288,937.239604
-10792.0,288,937.758722
-10258.0,288,938.325297
-10190.0,288,940.287707
-11602.0,288,940.82604
-12580.0,288,941.341316
-12688.0,288,941.82785
-12735.0,288,942.487076
-11463.0,288,943.022969
-10317.0,288,943.536281
-10410.0,288,945.416417
-10207.0,288,945.935137
-10368.0,288,946.447487
-9799.0,288,946.983082
-10018.0,288,947.493531
-12004.0,288,948.217137
-11963.0,288,948.730746
-11249.0,288,949.240398
-11161.0,288,951.287372
-11512.0,288,951.785687
-11331.0,288,952.311873
-11098.0,288,952.85224
-11569.0,288,953.35585
-9553.0,288,954.033967
-11304.0,288,954.575488
-9994.0,288,956.533649
-13198.0,288,957.056773
-11957.0,288,957.565317
-11053.0,288,958.087488
-13762.0,288,958.615726
-12164.0,288,959.146353
-10815.0,288,959.839468
-11901.0,288,961.798411
-11007.0,288,962.329913
-10670.0,288,962.855846
-11588.0,288,963.409024
-11608.0,288,963.9179
-11879.0,288,964.421041
-12355.0,288,964.92205
-11678.0,288,967.049139
-13448.0,288,967.562414
-10897.0,288,968.074331
-8775.0,288,968.597247
-10775.0,288,969.139711
-12124.0,288,969.668132
-11960.0,288,970.182944
-12197.0,288,972.220717
-12064.0,288,972.903824
-11789.0,288,973.418789
-10669.0,288,973.933027
-10749.0,288,974.503324
-11473.0,288,975.017654
-11143.0,288,975.539137
-11334.0,288,977.842728
-9547.0,288,978.402763
-12139.0,288,979.057097
-11956.0,288,979.607422
-11347.0,288,980.152967
-12276.0,288,980.650837
-11641.0,288,981.182108
-11759.0,288,983.15468
-10619.0,288,983.70626
-13146.0,288,984.224688
-11347.0,288,984.877771
-12429.0,288,985.403177
-13239.0,288,985.901389
-10710.0,288,986.387291
-10553.0,288,988.260361
-11645.0,288,988.764831
-11447.0,288,989.269212
-9765.0,288,989.761878
-11417.0,288,990.402439
-10263.0,288,990.879109
-12450.0,288,991.355007
-11954.0,288,993.233272
-10798.0,288,993.74193
-11302.0,288,994.231469
-11521.0,288,994.714944
-12382.0,288,995.196775
-9858.0,288,995.845222
-11653.0,288,996.339096
-13362.0,288,996.840708
-11772.0,288,998.728852
-11707.0,288,999.220551
-10605.0,288,999.703754
-10765.0,288,1000.179979
-10389.0,288,1000.668508
-11170.0,288,1001.336365
-12058.0,288,1001.839997
-11018.0,288,1003.738332
-12937.0,288,1004.230544
-11455.0,288,1004.727534
-10851.0,288,1005.241575
-13693.0,288,1005.738302
-12561.0,288,1006.381978
-12858.0,288,1006.89296
-12403.0,288,1008.808372
-12067.0,288,1009.305611
-11265.0,288,1009.817958
-10451.0,288,1010.322857
-11717.0,288,1010.880647
-10721.0,288,1011.37541
-11566.0,288,1012.034054
-12308.0,288,1013.941584
-12408.0,288,1014.450156
-12244.0,288,1014.945673
-11081.0,288,1015.436929
-12029.0,288,1015.924188
-11050.0,288,1016.429629
-10677.0,288,1016.919273
-11442.0,288,1018.928661
-11865.0,288,1019.428891
-12443.0,288,1019.918507
-11478.0,288,1020.426608
-12554.0,288,1020.92903
-12126.0,288,1021.40954
-12334.0,288,1021.888517
-11262.0,288,1023.708752
-13205.0,288,1024.466072
-11501.0,288,1024.96674
-13516.0,288,1025.498351
-11467.0,288,1026.094761
-13194.0,288,1026.597662
-10526.0,288,1027.103171
-13505.0,288,1028.915946
-10226.0,288,1029.471897
-10409.0,288,1030.163377
-11385.0,288,1030.671726
-13428.0,288,1031.166299
-11500.0,288,1031.654928
-11588.0,288,1032.19767
-11356.0,288,1034.09002
-11934.0,288,1034.688456
-11815.0,288,1035.18075
-11025.0,288,1035.837031
-15147.0,288,1036.363043
-12112.0,288,1036.952349
-9455.0,288,1037.523352
-12517.0,288,1040.322147
-10920.0,288,1041.184569
-14149.0,288,1041.867455
-11954.0,288,1042.615052
-13220.0,288,1043.618516
-11369.0,288,1044.28078
-10937.0,288,1044.910671
-11094.0,288,1045.530382
-11875.0,288,1047.92894
-10221.0,288,1048.512062
-11332.0,288,1049.108723
-11468.0,288,1049.758389
-11638.0,288,1050.495394
-12832.0,288,1051.007702
-12647.0,288,1051.551605
-10297.0,288,1053.555353
-10949.0,288,1054.058645
-12585.0,288,1054.569109
-9673.0,288,1055.070299
-12418.0,288,1055.566678
-9654.0,288,1056.217924
-14184.0,288,1056.739362
-11574.0,288,1058.6754
-10472.0,288,1059.199285
-11846.0,288,1059.6871
-12812.0,288,1060.185571
-11601.0,288,1060.680776
-10159.0,288,1061.189147
-10629.0,288,1061.823401
-10801.0,288,1063.736929
-11634.0,288,1064.241945
-10971.0,288,1064.739004
-12104.0,288,1065.241178
-10752.0,288,1065.738448
-11234.0,288,1066.238253
-10044.0,288,1066.726992
-12455.0,288,1068.789374
-11738.0,288,1069.39821
-12487.0,288,1069.923116
-11749.0,288,1070.423095
-11845.0,288,1070.91083
-12699.0,288,1071.385641
-11669.0,288,1071.874075
-9448.0,288,1073.655946
-10762.0,288,1074.373442
-10160.0,288,1074.874083
-10661.0,288,1075.371654
-13413.0,288,1075.864758
-13506.0,288,1076.379375
-10377.0,288,1076.876514
-9648.0,288,1078.787251
-13264.0,288,1079.375091
-11962.0,288,1080.042119
-10994.0,288,1080.537702
-10797.0,288,1081.062388
-11180.0,288,1081.554357
-10598.0,288,1082.046663
-10815.0,288,1083.976634
-13069.0,288,1084.550829
-10377.0,288,1085.068138
-10261.0,288,1085.748539
-12171.0,288,1086.256419
-12398.0,288,1086.758471
-9698.0,288,1087.251976
-10515.0,288,1089.112016
-12084.0,288,1089.719864
-13301.0,288,1090.255261
-10981.0,288,1090.78262
-9679.0,288,1091.438266
-9537.0,288,1091.98168
-12626.0,288,1092.490883
-10679.0,288,1093.035596
-10618.0,288,1094.872882
-12210.0,288,1095.392972
-11771.0,288,1095.910972
-10160.0,288,1096.460067
-10138.0,288,1097.108315
-10294.0,288,1097.604253
-12157.0,288,1098.124943
-11880.0,288,1100.142069
-11868.0,288,1100.803725
-11594.0,288,1101.340834
-11383.0,288,1101.874564
-12530.0,288,1102.403111
-10055.0,288,1103.131412
-12849.0,288,1103.671156
-10909.0,288,1105.808539
-11041.0,288,1106.30917
-10014.0,288,1106.85907
-11935.0,288,1107.411838
-14029.0,288,1108.135356
-10539.0,288,1108.728284
-10094.0,288,1109.428993
-10737.0,288,1111.550921
-9474.0,288,1112.151409
-11850.0,288,1112.751373
-10175.0,288,1113.324008
-11614.0,288,1113.901878
-9700.0,288,1114.481936
-10078.0,288,1115.059072
-12971.0,288,1117.381907
-13096.0,288,1117.981134
-10919.0,288,1118.567137
-10963.0,288,1119.254416
-12461.0,288,1119.825803
-10780.0,288,1120.399271
-11514.0,288,1121.001173
-10966.0,288,1123.133532
-11315.0,288,1123.885964
-11751.0,288,1124.433856
-12093.0,288,1125.010378
-9021.0,288,1125.667636
-11269.0,288,1126.295537
-11471.0,288,1126.934443
-14082.0,288,1129.539056
-11094.0,288,1130.165385
-10664.0,288,1130.949136
-10221.0,288,1131.56576
-12201.0,288,1132.166151
-11401.0,288,1132.850566
-9984.0,288,1133.426271
-13190.0,288,1135.473482
-11211.0,288,1135.994492
-12629.0,288,1136.518005
-12477.0,288,1137.246008
-10330.0,288,1138.042386
-10931.0,288,1138.607113
-11143.0,288,1139.138037
-11230.0,288,1141.16318
-10426.0,288,1141.722371
-11459.0,288,1142.234031
-12100.0,288,1142.77099
-11166.0,288,1143.554764
-12232.0,288,1144.074757
-10085.0,288,1144.592514
-11440.0,288,1145.101296
-12048.0,288,1146.975871
-11250.0,288,1147.483333
-11265.0,288,1148.058533
-12373.0,288,1148.738341
-13467.0,288,1149.578701
-10121.0,288,1150.218691
-11627.0,288,1150.852778
-12778.0,288,1153.218312
-10448.0,288,1154.392001
-10902.0,288,1155.167268
-12130.0,288,1155.898295
-11281.0,288,1156.611297
-9772.0,288,1157.411128
-10779.0,288,1158.154529
-10860.0,288,1160.741141
-10403.0,288,1161.440417
-11008.0,288,1162.051483
-11815.0,288,1162.688265
-10058.0,288,1163.495195
-10307.0,288,1164.135174
-9751.0,288,1164.988845
-11403.0,288,1167.36167
-9545.0,288,1167.920419
-10891.0,288,1168.511408
-11186.0,288,1169.230704
-12161.0,288,1169.908808
-10514.0,288,1170.594605
-11150.0,288,1171.252616
-10732.0,288,1174.092352
-12744.0,288,1174.660572
-9768.0,288,1175.318573
-10914.0,288,1175.962062
-10962.0,288,1176.663648
-10184.0,288,1177.266755
-11162.0,288,1177.819393
-12301.0,288,1180.166862
-12399.0,288,1180.847749
-11050.0,288,1181.509039
-12262.0,288,1182.059752
-11005.0,288,1182.595997
-12005.0,288,1183.259158
-10205.0,288,1183.997022
-12089.0,288,1186.450862
-11785.0,288,1187.161586
-11227.0,288,1188.149319
-12359.0,288,1188.715537
-11708.0,288,1189.269062
-11475.0,288,1189.857572
-11680.0,288,1190.448308
-11099.0,288,1192.550104
-12212.0,288,1193.101812
-10779.0,288,1193.659807
-11813.0,288,1194.331937
-13435.0,288,1194.863557
-9971.0,288,1195.395246
-10886.0,288,1195.914627
-11223.0,288,1197.836085
-10425.0,288,1198.484037
-12941.0,288,1198.991716
-11390.0,288,1199.527695
-12670.0,288,1200.188346
-12472.0,288,1200.782067
-13444.0,288,1201.310174
-10571.0,288,1201.839884
-11537.0,288,1203.793267
-10384.0,288,1204.303993
-10933.0,288,1204.813327
-11730.0,288,1205.339722
-11843.0,288,1206.046722
-12612.0,288,1206.56871
-11589.0,288,1207.073101
-10384.0,288,1209.059981
-11820.0,288,1209.585032
-12649.0,288,1210.108679
-11076.0,288,1210.652639
-11155.0,288,1211.158333
-12549.0,288,1211.88075
-12426.0,288,1212.446706
-11047.0,288,1214.418191
-12336.0,288,1214.949896
-10543.0,288,1215.488972
-11784.0,288,1216.09226
-11231.0,288,1216.615525
-10221.0,288,1217.148893
-11840.0,288,1217.818524
-11890.0,288,1219.848341
-12988.0,288,1220.365019
-12554.0,288,1220.87126
-11739.0,288,1221.396025
-11111.0,288,1221.91498
-12524.0,288,1222.433853
-10575.0,288,1222.96461
-12467.0,288,1225.140604
-11133.0,288,1225.65576
-10049.0,288,1226.181155
-10684.0,288,1226.697796
-11914.0,288,1227.205312
-11664.0,288,1227.717672
-11369.0,288,1228.264579
-11556.0,288,1230.149376
-9814.0,288,1230.837031
-9881.0,288,1231.345457
-10754.0,288,1231.876429
-10536.0,288,1232.395987
-10175.0,288,1232.942477
-9604.0,288,1233.450971
-12371.0,288,1235.460208
-12151.0,288,1235.959242
-12181.0,288,1236.62605
-12459.0,288,1237.15486
-13755.0,288,1237.670694
-11965.0,288,1238.192573
-9714.0,288,1238.696464
-11382.0,288,1240.632826
-11537.0,288,1241.150245
-12845.0,288,1241.681115
-11232.0,288,1242.352887
-12200.0,288,1242.881904
-13661.0,288,1243.491916
-10844.0,288,1244.016263
-11182.0,288,1246.011262
-10449.0,288,1246.548115
-10793.0,288,1247.054229
-11526.0,288,1247.556135
-13328.0,288,1248.41111
-9316.0,288,1248.987571
-11110.0,288,1249.636262
-11233.0,288,1250.285136
-11565.0,288,1252.906679
-10893.0,288,1253.457543
-12477.0,288,1254.134578
-11750.0,288,1254.738493
-10178.0,288,1255.408159
-11540.0,288,1255.927004
-12233.0,288,1256.429041
-10094.0,288,1258.505812
-11051.0,288,1259.02694
-10602.0,288,1259.582103
-12211.0,288,1260.085663
-11495.0,288,1260.583766
-11142.0,288,1261.223984
-12075.0,288,1261.739776
-11708.0,288,1263.731993
-11105.0,288,1264.253679
-11616.0,288,1264.854174
-10462.0,288,1265.373737
-11141.0,288,1265.918523
-9473.0,288,1266.433979
-11175.0,288,1267.118555
-14512.0,288,1269.275103
-10679.0,288,1269.768782
-9768.0,288,1270.295682
-12825.0,288,1270.806445
-11146.0,288,1271.313376
-12597.0,288,1271.806584
-11287.0,288,1272.304619
-11340.0,288,1274.504456
-11486.0,288,1275.011695
-12562.0,288,1275.511726
-10875.0,288,1276.034558
-9908.0,288,1276.596262
-12324.0,288,1277.148248
-10398.0,288,1277.670666
-9336.0,288,1279.735003
-11732.0,288,1280.435138
-10755.0,288,1280.971941
-11695.0,288,1281.546541
-10618.0,288,1282.048995
-11787.0,288,1282.552961
-12414.0,288,1283.077019
-10007.0,288,1285.14434
-13591.0,288,1285.68309
-10839.0,288,1286.375009
-10215.0,288,1286.845759
-12504.0,288,1287.375365
-10746.0,288,1287.901536
-12095.0,288,1288.45043
-11254.0,288,1290.546275
-15010.0,288,1291.234598
-11883.0,288,1292.030302
-10203.0,288,1292.978972
-10817.0,288,1293.680319
-12466.0,288,1294.373553
-11102.0,288,1295.055823
-11422.0,288,1297.494852
-11795.0,288,1298.214737
-10509.0,288,1298.821213
-11219.0,288,1299.504948
-11803.0,288,1300.387557
-10644.0,288,1300.999496
-12918.0,288,1301.666916
-11169.0,288,1302.269583
-11533.0,288,1304.745843
-10882.0,288,1305.411185
-12520.0,288,1306.257381
-12573.0,288,1306.933296
-11330.0,288,1307.692474
-12179.0,288,1308.309621
-10113.0,288,1308.875328
-13926.0,288,1311.037883
-10864.0,288,1311.587323
-14123.0,288,1312.127698
-10767.0,288,1312.685326
-12736.0,288,1313.273136
-11206.0,288,1314.008629
-11354.0,288,1314.541957
-12287.0,288,1316.884684
-11628.0,288,1317.529202
-10991.0,288,1318.121655
-12405.0,288,1318.674602
-11769.0,288,1319.218004
-11082.0,288,1319.805818
-11232.0,288,1320.545418
-11215.0,288,1322.691253
-12080.0,288,1323.252895
-11771.0,288,1323.947743
-11038.0,288,1324.508325
-11518.0,288,1325.15374
-12555.0,288,1325.740474
-11565.0,288,1326.356563
-10884.0,288,1329.22121
-10864.0,288,1329.807037
-10364.0,288,1330.411472
-9822.0,288,1331.01298
-11731.0,288,1331.643062
-11067.0,288,1332.319888
-10185.0,288,1332.972631
-10841.0,288,1335.350322
-11865.0,288,1336.144684
-12297.0,288,1336.867431
-11541.0,288,1337.532923
-12612.0,288,1338.127389
-12875.0,288,1338.651881
-10544.0,288,1339.177554
-12340.0,288,1341.236804
-12403.0,288,1341.782857
-12758.0,288,1342.497559
-13144.0,288,1343.050307
-12907.0,288,1343.582596
-12712.0,288,1344.132687
-11050.0,288,1344.678341
-11187.0,288,1346.707848
-10635.0,288,1347.243438
-13336.0,288,1347.78418
-10041.0,288,1348.500132
-12720.0,288,1349.034281
-11650.0,288,1349.567706
-10391.0,288,1350.096673
-12882.0,288,1352.127904
-10705.0,288,1352.686082
-11450.0,288,1353.270712
-13087.0,288,1353.800011
-9103.0,288,1354.51681
-10343.0,288,1355.062776
-11293.0,288,1355.596767
-9309.0,288,1356.125094
-10969.0,288,1358.191263
-10833.0,288,1358.735467
-11314.0,288,1359.269679
-10192.0,288,1359.814897
-11889.0,288,1360.504391
-10655.0,288,1361.027203
-11191.0,288,1361.569682
-9850.0,288,1363.836719
-12048.0,288,1364.483471
-12965.0,288,1365.020012
-10895.0,288,1365.69994
-11519.0,288,1366.533002
-11689.0,288,1367.13866
-10653.0,288,1367.69054
-11245.0,288,1370.005885
-13052.0,288,1370.534151
-10463.0,288,1371.113556
-12811.0,288,1371.613558
-10070.0,288,1372.097724
-10949.0,288,1372.757707
-11999.0,288,1373.316276
-13501.0,288,1375.432411
-11604.0,288,1375.955787
-11229.0,288,1376.467704
-12528.0,288,1376.952245
-10575.0,288,1377.481767
-12827.0,288,1378.028438
-9064.0,288,1378.708361
-12350.0,288,1380.706652
-11381.0,288,1381.282445
-9703.0,288,1381.927719
-12607.0,288,1382.517689
-11636.0,288,1383.083049
-13063.0,288,1383.62744
-10059.0,288,1384.16802
-10668.0,288,1386.428018
-12835.0,288,1386.937945
-12438.0,288,1387.618032
-12778.0,288,1388.174388
-12718.0,288,1388.759084
-13477.0,288,1389.268569
-10875.0,288,1389.826028
-12130.0,288,1391.788606
-12017.0,288,1392.469752
-10981.0,288,1393.036772
-11239.0,288,1393.588135
-12842.0,288,1394.152283
-11928.0,288,1394.698139
-9775.0,288,1395.238549
-12330.0,288,1397.185763
-12814.0,288,1397.760381
-10739.0,288,1398.453221
-11300.0,288,1398.973375
-11731.0,288,1399.52174
-10821.0,288,1400.068285
-12703.0,288,1400.595897
-10218.0,288,1402.548416
-10912.0,288,1403.121933
-10775.0,288,1403.650037
-10241.0,288,1404.372724
-10926.0,288,1404.904306
-10887.0,288,1405.428085
-11322.0,288,1405.982513
-11760.0,288,1406.53828
-10870.0,288,1408.544326
-12831.0,288,1409.068913
-10928.0,288,1409.590083
-12993.0,288,1410.318263
-12113.0,288,1410.893997
-12141.0,288,1411.423713
-9935.0,288,1411.949803
-12073.0,288,1413.966835
-12479.0,288,1414.497038
-10748.0,288,1415.043345
-12941.0,288,1415.579549
-10794.0,288,1416.290394
-12615.0,288,1416.814271
-11612.0,288,1417.349113
-10515.0,288,1419.523085
-10934.0,288,1420.051918
-11412.0,288,1420.582184
-10050.0,288,1421.09258
-11996.0,288,1421.621427
-11999.0,288,1422.336058
-11905.0,288,1422.886409
-11123.0,288,1424.926003
-11280.0,288,1425.463406
-11327.0,288,1425.992107
-10527.0,288,1426.545784
-12640.0,288,1427.067149
-9814.0,288,1427.585575
-14069.0,288,1428.303304
-10190.0,288,1430.891472
-11847.0,288,1431.579674
-11551.0,288,1432.166763
-10535.0,288,1432.760422
-11545.0,288,1433.44386
-11216.0,288,1434.060442
-10879.0,288,1434.625682
-11022.0,288,1437.733619
-10578.0,288,1438.517774
-10543.0,288,1439.244152
-13005.0,288,1440.01256
-10065.0,288,1440.713147
-11557.0,288,1441.352268
-10750.0,288,1442.059573
-12340.0,288,1444.153752
-11217.0,288,1444.89597
-11233.0,288,1445.43698
-12765.0,288,1446.01252
-12106.0,288,1446.592704
-10174.0,288,1447.126569
-11626.0,288,1447.82122
-11228.0,288,1450.045951
-13786.0,288,1450.633513
-9790.0,288,1451.443042
-10183.0,288,1451.996906
-11503.0,288,1452.542443
-12024.0,288,1453.142688
-9029.0,288,1453.689979
-10143.0,288,1455.756549
-13571.0,288,1456.356157
-10733.0,288,1457.004036
-10818.0,288,1457.948178
-12688.0,288,1458.497591
-11027.0,288,1459.107874
-11160.0,288,1459.74045
-10441.0,288,1460.343408
-11142.0,288,1463.054341
-13345.0,288,1463.600088
-11971.0,288,1464.184073
-12132.0,288,1465.046273
-9980.0,288,1465.667408
-12330.0,288,1466.282412
-10989.0,288,1466.942775
-10093.0,288,1469.291041
-10925.0,288,1469.915967
-11480.0,288,1470.459127
-10924.0,288,1471.073611
-13115.0,288,1471.891235
-12759.0,288,1472.468004
-12012.0,288,1473.031858
-10715.0,288,1475.132121
-11893.0,288,1475.693006
-11468.0,288,1476.224939
-11364.0,288,1476.769466
-13517.0,288,1477.302407
-11911.0,288,1478.058969
-10327.0,288,1478.592579
-12429.0,288,1480.653316
-11291.0,288,1481.186984
-10374.0,288,1481.783784
-12257.0,288,1482.49909
-11733.0,288,1483.096112
-12738.0,288,1483.663281
-10080.0,288,1484.415923
-11349.0,288,1486.644178
-11183.0,288,1487.222806
-10372.0,288,1487.847029
-10792.0,288,1488.458295
-10467.0,288,1489.089339
-11277.0,288,1489.668432
-13127.0,288,1490.286142
-10304.0,288,1492.656414
-10452.0,288,1493.222583
-10392.0,288,1493.781246
-11624.0,288,1494.332439
-11204.0,288,1494.978106
-11077.0,288,1495.603065
-11550.0,288,1496.178055
-11434.0,288,1498.76982
-11432.0,288,1499.702353
-10975.0,288,1500.4282
-11678.0,288,1501.286837
-11440.0,288,1502.000021
-10647.0,288,1502.576454
-12147.0,288,1503.157201
-9379.0,288,1505.319741
-13318.0,288,1505.852085
-11173.0,288,1506.573726
-11182.0,288,1507.147227
-11242.0,288,1507.838181
-11938.0,288,1508.415841
-12457.0,288,1509.096512
-10488.0,288,1511.326001
-12815.0,288,1511.996388
-11408.0,288,1512.647194
-13056.0,288,1513.355103
-10758.0,288,1513.898023
-14893.0,288,1514.418828
-10630.0,288,1514.93887
-10615.0,288,1515.484805
-11470.0,288,1517.412362
-11246.0,288,1517.950064
-11952.0,288,1518.44462
-12197.0,288,1519.134701
-9403.0,288,1519.684001
-9966.0,288,1520.222391
-11690.0,288,1520.707914
-10706.0,288,1522.704699
-10746.0,288,1523.225219
-12755.0,288,1523.70824
-10581.0,288,1524.182479
-11043.0,288,1524.824664
-11209.0,288,1525.312228
-11093.0,288,1525.849416
-12894.0,288,1528.071039
-10576.0,288,1528.782221
-11724.0,288,1529.377246
-9795.0,288,1529.946172
-10955.0,288,1530.505731
-11363.0,288,1531.312545
-10437.0,288,1531.958764
-10594.0,288,1534.168266
-11144.0,288,1534.791052
-11140.0,288,1535.347327
-12588.0,288,1535.99701
-10825.0,288,1536.819609
-12377.0,288,1537.407636
-11489.0,288,1538.297939
-10715.0,288,1540.729847
-11162.0,288,1541.512789
-12055.0,288,1542.382593
-13206.0,288,1543.255398
-11243.0,288,1543.852741
-10104.0,288,1544.534011
-11602.0,288,1545.273434
-11942.0,288,1547.977334
-10840.0,288,1548.59018
-14064.0,288,1549.21955
-10179.0,288,1549.837993
-10972.0,288,1550.462003
-9955.0,288,1551.041491
-9877.0,288,1551.698199
-12040.0,288,1554.2323
-10220.0,288,1555.118012
-9854.0,288,1555.870201
-12085.0,288,1556.549314
-10365.0,288,1557.163273
-11312.0,288,1557.748767
-10263.0,288,1558.356254
-11387.0,288,1560.487243
-10872.0,288,1561.042559
-9984.0,288,1561.809223
-9999.0,288,1562.353677
-13319.0,288,1562.95721
-11604.0,288,1563.501429
-9960.0,288,1564.048058
-11234.0,288,1566.068687
-11726.0,288,1566.757012
-10026.0,288,1567.329801
-11722.0,288,1568.032295
-11967.0,288,1568.579566
-11977.0,288,1569.11932
-10586.0,288,1569.647001
-12748.0,288,1570.134214
-11221.0,288,1572.406498
-10539.0,288,1573.148419
-13738.0,288,1573.842363
-12520.0,288,1574.6709
-11385.0,288,1575.317943
-11368.0,288,1575.865123
-14467.0,288,1576.431177
-12450.0,288,1578.854324
-10683.0,288,1579.392483
-14208.0,288,1579.937489
-11408.0,288,1580.553224
-11670.0,288,1581.320902
-11162.0,288,1581.877983
-10631.0,288,1582.399317
-10345.0,288,1584.664018
-9446.0,288,1585.273071
-12533.0,288,1585.84163
-11094.0,288,1586.47048
-13404.0,288,1587.006561
-10075.0,288,1587.919002
-11044.0,288,1588.503506
-13576.0,288,1591.145996
-10133.0,288,1591.870372
-10662.0,288,1592.562993
-11099.0,288,1593.277383
-11173.0,288,1593.913398
-14006.0,288,1594.528437
-11444.0,288,1595.426535
-9217.0,288,1597.844711
-11990.0,288,1598.415539
-10759.0,288,1598.973353
-11904.0,288,1599.60967
-11340.0,288,1600.155177
-9899.0,288,1600.730542
-11753.0,288,1601.303216
-12919.0,288,1603.882012
-12645.0,288,1604.60791
-9734.0,288,1605.291113
-11880.0,288,1605.878169
-12751.0,288,1606.478495
-11847.0,288,1607.089988
-13637.0,288,1607.831743
-12632.0,288,1610.388345
-13775.0,288,1611.303841
-13703.0,288,1611.850439
-12806.0,288,1612.489239
-11892.0,288,1613.109922
-10918.0,288,1613.726178
-9639.0,288,1614.31829
-10115.0,288,1616.923374
-11451.0,288,1617.562036
-12204.0,288,1618.340847
-10628.0,288,1618.916051
-12228.0,288,1619.464562
-11749.0,288,1620.027028
-10913.0,288,1620.591759
-10188.0,288,1622.892702
-10511.0,288,1623.601548
-9865.0,288,1624.271175
-10191.0,288,1625.167692
-9567.0,288,1625.823452
-10754.0,288,1626.861141
-10470.0,288,1627.558942
-9971.0,288,1628.19368
-10282.0,288,1630.803041
-10757.0,288,1631.482914
-11066.0,288,1632.302567
-13097.0,288,1633.25047
-10264.0,288,1633.81568
-9734.0,288,1634.388002
-11337.0,288,1634.994111
-10207.0,288,1637.399885
-11917.0,288,1638.230235
-11910.0,288,1639.019222
-11972.0,288,1639.831483
-10949.0,288,1640.997945
-9905.0,288,1642.017962
-10441.0,288,1642.988733
-11213.0,288,1645.750714
-9410.0,288,1646.459509
-9308.0,288,1647.019326
-10652.0,288,1647.636272
-12303.0,288,1648.58334
-10020.0,288,1649.59937
-11065.0,288,1650.47927
-9953.0,288,1653.403072
-11470.0,288,1654.186659
-10039.0,288,1655.029759
-12127.0,288,1655.749976
-11343.0,288,1656.407743
-9209.0,288,1657.288884
-9655.0,288,1658.23454
-9661.0,288,1660.852808
-10996.0,288,1661.509956
-10734.0,288,1662.157578
-13604.0,288,1663.001054
-10459.0,288,1664.056584
-10954.0,288,1665.172308
-11088.0,288,1666.042037
-9316.0,288,1669.193085
-11210.0,288,1669.98118
-10127.0,288,1670.718021
-10274.0,288,1671.370089
-8559.0,288,1672.060518
-9986.0,288,1672.726936
-10882.0,288,1673.417664
-11593.0,288,1675.910638
-11666.0,288,1676.816913
-8900.0,288,1677.49815
-10234.0,288,1678.209563
-10377.0,288,1678.861491
-11731.0,288,1679.598188
-10703.0,288,1680.304781
-10440.0,288,1682.48629
-10052.0,288,1683.244506
-10233.0,288,1684.127844
-10000.0,288,1684.772399
-10500.0,288,1685.495995
-10502.0,288,1686.449651
-10195.0,288,1687.160834
-10791.0,288,1689.551361
-9993.0,288,1690.503137
-9197.0,288,1691.701908
-9731.0,288,1692.92212
-9471.0,288,1694.037798
-12784.0,288,1694.747986
-10554.0,288,1695.575809
-9899.0,288,1696.376664
-10242.0,288,1698.771332
-10664.0,288,1699.47683
-9768.0,288,1700.153834
-10381.0,288,1700.808067
-10416.0,288,1701.644119
-9224.0,288,1702.266887
-9367.0,288,1703.036391
-10730.0,288,1705.279468
-9941.0,288,1705.883876
-10801.0,288,1706.592233
-10515.0,288,1707.297291
-10329.0,288,1708.073285
-8755.0,288,1709.213738
-9186.0,288,1710.008322
-9062.0,288,1712.568367
-11768.0,288,1713.40958
-11235.0,288,1714.111197
-11610.0,288,1714.867378
-10524.0,288,1715.563143
-10375.0,288,1716.293931
-11832.0,288,1717.21364
-9474.0,288,1719.700751
-10409.0,288,1720.387155
-10987.0,288,1721.122559
-10158.0,288,1721.816806
-12967.0,288,1722.507886
-9639.0,288,1723.136986
-10781.0,288,1723.892157
-10195.0,288,1726.364386
-9633.0,288,1726.992698
-9828.0,288,1727.637197
-10207.0,288,1728.313451
-10433.0,288,1729.019918
-10072.0,288,1729.676759
-8984.0,288,1730.292473
-9554.0,288,1732.426365
-12055.0,288,1733.420272
-9765.0,288,1734.059221
-11314.0,288,1734.773135
-9686.0,288,1735.4717
-11200.0,288,1736.141184
-10738.0,288,1736.809105
-10815.0,288,1739.033181
-10124.0,288,1739.742347
-9991.0,288,1740.777565
-10707.0,288,1741.619961
-9543.0,288,1742.409217
-10293.0,288,1743.06196
-11201.0,288,1743.707738
-11988.0,288,1745.840539
-9492.0,288,1746.5578
-10674.0,288,1747.214626
-8389.0,288,1747.970986
-10598.0,288,1748.647832
-9718.0,288,1749.277716
-9551.0,288,1749.947433
-10510.0,288,1752.277131
-9217.0,288,1752.969723
-11225.0,288,1753.640569
-10098.0,288,1754.269939
-10286.0,288,1755.070651
-10156.0,288,1755.690036
-12358.0,288,1756.325529
-8976.0,288,1756.931328
-9988.0,288,1758.985194
-11014.0,288,1759.752945
-9212.0,288,1760.392631
-11937.0,288,1761.082987
-9968.0,288,1761.905212
-11581.0,288,1762.560373
-10221.0,288,1763.201243
-10349.0,288,1765.42704
-9383.0,288,1766.051574
-10212.0,288,1766.738889
-10386.0,288,1767.362044
-9992.0,288,1768.021065
-10727.0,288,1768.856701
-9390.0,288,1769.500367
-10769.0,288,1771.602184
-11060.0,288,1772.26806
-11440.0,288,1772.950863
-11482.0,288,1773.61092
-11791.0,288,1774.218796
-9142.0,288,1774.811101
-11061.0,288,1775.686516
-12005.0,288,1777.708539
-10556.0,288,1778.300569
-10004.0,288,1778.925531
-9955.0,288,1779.524899
-12083.0,288,1780.157062
-9058.0,288,1780.804861
-8822.0,288,1781.383997
-9143.0,288,1783.538033
-10218.0,288,1784.118509
-9938.0,288,1784.689588
-9785.0,288,1785.234352
-10419.0,288,1785.88996
-9263.0,288,1786.631888
-10285.0,288,1787.317419
-11549.0,288,1789.934418
-8866.0,288,1790.867023
-12259.0,288,1791.567958
-12299.0,288,1792.258335
-12438.0,288,1793.002444
-10374.0,288,1793.753651
-10297.0,288,1794.591258
-10377.0,288,1797.059531
-10065.0,288,1797.769874
-10031.0,288,1798.415253
-9929.0,288,1799.223201
-10011.0,288,1799.968752
-10985.0,288,1800.635414
-9593.0,288,1801.275374
-12069.0,288,1803.457938
-11197.0,288,1804.069061
-9772.0,288,1804.693982
-9932.0,288,1805.324373
-12339.0,288,1806.13859
-10789.0,288,1806.760023
-12795.0,288,1807.405112
-10283.0,288,1809.587153
-10435.0,288,1810.282703
-11193.0,288,1810.890869
-12162.0,288,1811.532386
-9916.0,288,1812.248389
-10800.0,288,1813.1831
-10196.0,288,1813.861735
-9368.0,288,1814.49714
-8883.0,288,1816.596727
-12752.0,288,1817.180549
-10764.0,288,1817.790608
-9593.0,288,1818.412045
-10055.0,288,1818.990869
-10593.0,288,1819.738059
-12024.0,288,1820.359236
-11103.0,288,1822.440598
-10554.0,288,1823.102027
-10726.0,288,1823.741128
-8992.0,288,1824.359054
-10977.0,288,1825.045195
-10413.0,288,1825.715143
-10413.0,288,1826.533693
-9942.0,288,1829.071387
-10297.0,288,1829.715029
-11613.0,288,1830.580899
-12631.0,288,1831.280164
-9619.0,288,1831.873938
-9907.0,288,1832.476691
-9841.0,288,1833.097915
-10340.0,288,1835.374391
-11881.0,288,1836.060436
-9587.0,288,1836.721437
-10440.0,288,1837.391203
-9243.0,288,1838.048518
-10589.0,288,1838.68676
-8793.0,288,1839.276634
-8896.0,288,1841.245936
-10020.0,288,1842.0322
-8543.0,288,1842.698707
-8545.0,288,1843.317279
-10609.0,288,1844.06698
-9259.0,288,1844.730496
-11633.0,288,1845.391412
-9248.0,288,1847.51732
-9604.0,288,1848.176247
-9684.0,288,1849.043835
-8947.0,288,1849.627328
-9556.0,288,1850.215016
-10471.0,288,1850.839772
-10761.0,288,1851.543148
-8314.0,288,1853.700651
-10298.0,288,1854.40174
-11287.0,288,1855.116624
-9357.0,288,1855.895158
-10127.0,288,1856.534054
-9432.0,288,1857.159802
-10603.0,288,1857.833043
-10057.0,288,1860.025348
-10257.0,288,1860.67453
-10295.0,288,1861.366922
-11118.0,288,1862.119106
-9670.0,288,1863.058257
-10304.0,288,1863.768305
-10535.0,288,1864.426674
-9958.0,288,1866.56254
-9401.0,288,1867.314627
-8792.0,288,1867.942093
-9016.0,288,1868.584589
-9449.0,288,1869.222228
-9727.0,288,1869.939711
-10566.0,288,1870.566399
-10334.0,288,1871.238498
-9464.0,288,1873.355573
-11305.0,288,1874.05359
-9685.0,288,1874.66713
-10799.0,288,1875.342729
-10195.0,288,1876.059944
-9823.0,288,1876.881219
-9340.0,288,1877.729732
-11305.0,288,1879.932207
-8802.0,288,1880.579827
-10687.0,288,1881.27527
-11823.0,288,1881.947346
-11130.0,288,1882.698837
-9893.0,288,1883.304411
-9686.0,288,1883.898843
-9240.0,288,1885.951432
-8981.0,288,1886.539054
-10528.0,288,1887.158125
-11494.0,288,1887.886519
-10233.0,288,1888.553257
-10647.0,288,1889.209113
-8857.0,288,1889.837618
-11993.0,288,1891.830368
-7840.0,288,1892.548897
-10579.0,288,1893.303306
-9255.0,288,1893.905745
-10464.0,288,1894.554444
-11175.0,288,1895.224369
-7895.0,288,1895.831229
-8940.0,288,1897.885971
-10150.0,288,1898.594829
-10316.0,288,1899.356165
-9589.0,288,1899.969878
-9220.0,288,1900.620524
-8369.0,288,1901.235549
-8778.0,288,1901.859665
-8798.0,288,1903.964943
-9927.0,288,1904.594992
-8802.0,288,1905.151492
-9480.0,288,1905.856506
-9394.0,288,1906.500583
-9328.0,288,1907.096174
-10905.0,288,1907.72091
-7587.0,288,1909.837882
-10252.0,288,1910.476641
-10030.0,288,1911.103371
-8660.0,288,1911.707716
-12099.0,288,1912.529447
-9140.0,288,1913.276878
-9592.0,288,1913.918939
-9156.0,288,1916.050606
-9817.0,288,1916.665275
-10093.0,288,1917.318563
-8574.0,288,1917.976142
-9661.0,288,1918.672724
-10469.0,288,1919.602847
-8698.0,288,1920.269889
-9620.0,288,1922.39643
-10090.0,288,1923.185112
-10057.0,288,1923.885157
-10047.0,288,1924.863564
-9054.0,288,1925.580632
-10213.0,288,1926.237135
-10217.0,288,1927.1545
-9663.0,288,1927.955573
-9707.0,288,1930.058956
-10038.0,288,1931.196256
-11297.0,288,1932.540855
-10744.0,288,1933.708079
-10953.0,288,1934.477124
-9066.0,288,1935.236855
-11491.0,288,1936.123081
-8886.0,288,1938.480357
-10055.0,288,1939.21587
-8537.0,288,1939.893965
-11509.0,288,1940.594327
-10442.0,288,1941.273002
-9688.0,288,1941.919991
-11235.0,288,1942.63808
-8805.0,288,1944.974021
-9472.0,288,1945.636755
-8468.0,288,1946.254163
-9507.0,288,1946.953196
-11140.0,288,1947.638636
-8515.0,288,1948.331616
-9996.0,288,1949.029791
-9015.0,288,1951.129752
-11135.0,288,1951.776742
-9982.0,288,1952.54303
-9175.0,288,1953.192914
-10726.0,288,1953.861384
-9035.0,288,1954.446386
-10689.0,288,1955.056832
-8223.0,288,1956.944451
-9046.0,288,1957.546738
-9789.0,288,1958.148292
-10717.0,288,1959.033505
-10464.0,288,1959.6817
-9474.0,288,1960.267998
-12009.0,288,1960.892127
-9119.0,288,1962.961497
-10339.0,288,1963.691113
-9214.0,288,1964.361914
-9009.0,288,1965.051249
-10217.0,288,1965.885593
-10388.0,288,1966.536651
-10667.0,288,1967.153225
-11253.0,288,1969.212114
-8536.0,288,1969.78965
-9157.0,288,1970.387099
-9298.0,288,1970.980694
-11266.0,288,1971.64043
-9028.0,288,1972.445354
-10082.0,288,1973.092494
-9520.0,288,1975.268024
-10698.0,288,1975.90203
-9119.0,288,1976.472464
-8951.0,288,1977.082333
-11448.0,288,1977.713952
-10697.0,288,1978.366016
-9020.0,288,1979.112099
-8253.0,288,1981.077322
-10584.0,288,1981.707726
-9179.0,288,1982.377298
-9812.0,288,1983.046188
-11259.0,288,1983.667386
-8882.0,288,1984.276054
-9576.0,288,1984.916581
-9428.0,288,1985.742425
-9952.0,288,1987.984997
-9646.0,288,1988.630981
-11238.0,288,1989.444251
-9824.0,288,1990.173716
-8352.0,288,1990.794804
-10181.0,288,1991.567825
-9667.0,288,1992.297379
-9349.0,288,1994.727954
-11074.0,288,1995.389803
-9002.0,288,1996.027803
-10321.0,288,1996.657712
-10589.0,288,1997.273521
-9859.0,288,1997.898437
-9775.0,288,1998.519229
-8758.0,288,2000.473215
-10294.0,288,2001.216941
-7990.0,288,2001.799612
-10195.0,288,2002.436392
-9430.0,288,2003.038322
-10401.0,288,2003.637191
-9948.0,288,2004.244461
-10934.0,288,2006.226409
-9311.0,288,2006.852621
-11291.0,288,2007.489906
-9312.0,288,2008.232579
-8896.0,288,2008.848358
-9244.0,288,2009.421069
-9740.0,288,2010.02721
-9131.0,288,2012.066718
-10748.0,288,2012.69417
-9574.0,288,2013.304147
-9124.0,288,2013.902244
-7936.0,288,2014.635052
-10946.0,288,2015.254455
-8821.0,288,2015.871251
-10432.0,288,2017.862201
-10028.0,288,2018.497442
-11261.0,288,2019.118893
-7330.0,288,2019.661636
-9537.0,288,2020.306829
-10082.0,288,2021.06892
-11308.0,288,2021.691546
-10358.0,288,2023.713322
-10276.0,288,2024.391129
-11026.0,288,2025.092357
-10631.0,288,2025.704684
-8319.0,288,2026.336631
-7739.0,288,2026.96652
-10147.0,288,2027.692718
-10638.0,288,2029.741955
-11687.0,288,2030.376406
-9566.0,288,2031.007302
-9321.0,288,2031.609987
-11182.0,288,2032.252742
-10133.0,288,2032.92347
-9533.0,288,2033.547858
-10346.0,288,2035.657104
-10217.0,288,2036.280448
-9991.0,288,2036.872357
-9613.0,288,2037.475186
-7801.0,288,2038.087415
-9201.0,288,2038.640902
-10138.0,288,2039.269411
-9125.0,288,2039.908564
-9610.0,288,2042.010229
-9100.0,288,2042.646709
-9440.0,288,2043.277765
-10077.0,288,2043.891721
-7762.0,288,2044.479103
-9379.0,288,2045.050791
-11064.0,288,2045.66131
-9014.0,288,2047.724454
-8839.0,288,2048.516066
-9341.0,288,2049.13187
-9921.0,288,2049.739983
-8914.0,288,2050.351206
-8535.0,288,2050.947294
-11129.0,288,2051.5908
-9652.0,288,2053.646877
-9450.0,288,2054.324483
-10496.0,288,2055.125486
-7525.0,288,2055.701638
-8646.0,288,2056.333307
-9687.0,288,2056.975554
-9739.0,288,2057.629739
-9377.0,288,2059.658833
-9285.0,288,2060.352804
-9125.0,288,2060.943163
-10474.0,288,2061.559392
-9917.0,288,2062.322688
-8331.0,288,2062.907425
-9299.0,288,2063.488011
-10582.0,288,2065.540718
-8419.0,288,2066.124291
-8709.0,288,2066.750364
-9416.0,288,2067.391819
-9031.0,288,2068.146252
-11007.0,288,2068.990254
-9756.0,288,2069.628165
-9802.0,288,2072.01619
-9331.0,288,2072.658046
-8379.0,288,2073.450832
-10461.0,288,2074.160923
-9175.0,288,2074.873157
-10295.0,288,2075.639441
-8698.0,288,2076.432798
-9841.0,288,2078.564286
-12082.0,288,2079.257109
-10221.0,288,2080.036569
-9650.0,288,2080.799216
-9717.0,288,2081.493702
-8434.0,288,2082.174793
-10516.0,288,2082.815902
-11921.0,288,2085.419829
-7984.0,288,2086.169539
-7920.0,288,2086.829204
-10037.0,288,2087.540693
-8778.0,288,2088.238806
-9288.0,288,2088.974681
-8713.0,288,2089.606827
-9286.0,288,2091.834944
-10044.0,288,2092.666117
-10457.0,288,2093.365949
-9708.0,288,2093.989583
-9403.0,288,2094.665528
-10375.0,288,2095.333057
-8823.0,288,2096.000819
-8898.0,288,2096.743652
-11557.0,288,2099.078876
-10102.0,288,2100.084192
-8880.0,288,2100.864576
-10236.0,288,2101.614322
-8551.0,288,2102.30922
-11939.0,288,2103.004664
-9116.0,288,2103.672383
-8850.0,288,2105.844402
-11299.0,288,2106.511882
-11868.0,288,2107.410449
-9214.0,288,2108.121494
-9821.0,288,2108.906474
-9534.0,288,2109.86696
-12808.0,288,2110.935295
-8935.0,288,2113.779053
-9595.0,288,2114.428916
-11316.0,288,2115.218367
-8721.0,288,2115.973579
-9385.0,288,2116.884706
-10210.0,288,2117.807166
-9089.0,288,2118.616428
-9634.0,288,2120.968687
-8485.0,288,2121.65873
-9351.0,288,2122.380333
-9905.0,288,2123.060619
-8315.0,288,2123.703958
-9650.0,288,2124.583457
-10675.0,288,2125.272637
-8315.0,288,2127.497568
-10561.0,288,2128.1705
-9376.0,288,2128.902359
-9099.0,288,2129.684916
-9579.0,288,2130.40455
-9254.0,288,2131.160448
-9732.0,288,2131.974538
-9242.0,288,2134.150141
-9987.0,288,2134.824887
-8342.0,288,2135.463428
-10651.0,288,2136.156043
-9336.0,288,2136.851552
-10355.0,288,2137.547451
-8872.0,288,2138.225581
-8879.0,288,2140.693339
-10661.0,288,2141.53386
-8461.0,288,2142.257027
-10762.0,288,2143.002453
-10767.0,288,2143.872734
-11142.0,288,2144.689704
-9215.0,288,2145.399182
-10709.0,288,2147.937284
-10217.0,288,2148.820894
-8527.0,288,2149.584539
-9766.0,288,2150.356391
-9107.0,288,2151.034029
-8918.0,288,2151.727334
-8742.0,288,2152.42277
-9958.0,288,2154.581357
-9882.0,288,2155.231731
-11169.0,288,2156.04635
-9959.0,288,2156.666915
-9874.0,288,2157.273391
-10922.0,288,2158.00696
-10064.0,288,2158.660789
-10401.0,288,2159.317496
-10799.0,288,2161.607531
-8230.0,288,2162.229286
-8615.0,288,2163.056804
-9308.0,288,2163.723847
-9887.0,288,2164.365668
-10949.0,288,2165.051219
-8680.0,288,2165.669519
-8884.0,288,2167.799515
-10163.0,288,2168.474788
-8781.0,288,2169.108165
-9569.0,288,2169.819749
-9961.0,288,2170.687758
-8985.0,288,2171.323661
-9001.0,288,2172.02469
-9603.0,288,2174.235732
-9891.0,288,2174.916283
-9072.0,288,2175.571112
-9450.0,288,2176.22515
-10803.0,288,2176.884763
-9014.0,288,2177.653669
-11077.0,288,2178.478949
-10154.0,288,2180.850586
-9659.0,288,2181.585484
-8955.0,288,2182.302096
-9846.0,288,2183.169088
-8508.0,288,2183.831655
-9752.0,288,2184.506975
-9450.0,288,2185.425479
-11176.0,288,2187.606416
-9886.0,288,2188.338419
-10022.0,288,2188.996648
-10758.0,288,2189.7094
-8792.0,288,2190.391846
-9784.0,288,2191.074652
-10817.0,288,2191.785103
-11066.0,288,2194.29533
-9011.0,288,2194.979687
-9343.0,288,2195.614948
-9881.0,288,2196.292623
-10239.0,288,2196.942076
-10101.0,288,2197.589623
-11605.0,288,2198.283277
-11348.0,288,2200.48297
-10129.0,288,2201.320982
-8579.0,288,2201.958436
-8498.0,288,2202.599667
-11206.0,288,2203.354023
-10341.0,288,2204.026504
-9551.0,288,2204.720228
-9822.0,288,2206.822505
-8664.0,288,2207.611273
-9719.0,288,2208.448453
-10198.0,288,2209.134952
-10953.0,288,2209.817681
-10227.0,288,2210.490257
-10478.0,288,2211.153434
-10841.0,288,2213.372604
-9568.0,288,2214.049254
-8458.0,288,2214.685204
-8918.0,288,2215.500281
-9598.0,288,2216.226285
-10275.0,288,2216.887593
-10220.0,288,2217.552303
-8821.0,288,2218.247948
-9692.0,288,2220.342042
-9399.0,288,2221.067454
-10796.0,288,2221.802295
-9896.0,288,2222.573779
-9873.0,288,2223.51141
-9349.0,288,2224.165745
-10120.0,288,2224.857044
-10610.0,288,2227.228441
-10197.0,288,2228.271991
-9382.0,288,2229.192922
-9596.0,288,2229.876857
-9658.0,288,2230.548689
-8956.0,288,2231.371308
-10085.0,288,2232.078148
-9081.0,288,2234.397007
-9421.0,288,2235.013942
-10724.0,288,2235.672133
-10345.0,288,2236.361576
-9365.0,288,2237.01756
-10339.0,288,2237.743541
-9819.0,288,2238.653886
-9681.0,288,2240.742516
-10682.0,288,2241.39673
-10827.0,288,2242.067716
-9032.0,288,2242.792525
-9668.0,288,2243.52824
-9927.0,288,2244.208379
-7885.0,288,2244.837087
-9631.0,288,2247.09602
-10937.0,288,2247.809513
-9837.0,288,2248.489612
-9085.0,288,2249.107715
-9695.0,288,2249.833941
-10162.0,288,2250.507217
-9819.0,288,2251.171763
-7951.0,288,2253.303229
-9580.0,288,2254.14797
-9456.0,288,2254.846674
-9885.0,288,2255.490938
-9630.0,288,2256.161458
-11676.0,288,2256.837436
-8557.0,288,2257.492386
-9248.0,288,2259.688937
-8013.0,288,2260.359116
-8742.0,288,2261.171349
-8503.0,288,2261.836641
-9268.0,288,2262.506706
-9937.0,288,2263.256697
-8474.0,288,2263.879203
-9413.0,288,2266.15131
-10422.0,288,2266.821612
-10604.0,288,2267.673317
-8692.0,288,2268.463699
-10512.0,288,2269.377032
-11966.0,288,2270.247449
-9385.0,288,2270.973102
-8601.0,288,2273.01239
-8646.0,288,2273.64084
-9128.0,288,2274.313386
-10248.0,288,2275.041437
-9701.0,288,2275.636831
-9831.0,288,2276.46706
-12072.0,288,2277.10695
-11447.0,288,2277.742931
-9359.0,288,2279.827418
-10405.0,288,2280.492683
-8971.0,288,2281.151042
-8059.0,288,2281.812323
-9760.0,288,2282.478887
-9378.0,288,2283.315711
-8338.0,288,2283.924942
-8742.0,288,2285.900827
-10101.0,288,2286.537498
-9150.0,288,2287.174597
-8869.0,288,2287.783677
-8088.0,288,2288.449385
-9149.0,288,2289.114527
-8737.0,288,2290.162618
-9146.0,288,2292.53149
-8253.0,288,2293.228518
-10708.0,288,2293.93637
-8528.0,288,2294.625285
-10103.0,288,2295.264759
-9301.0,288,2295.939626
-10457.0,288,2296.596839
-10942.0,288,2299.071215
-9199.0,288,2299.713865
-10942.0,288,2300.492051
-8811.0,288,2301.189599
-9312.0,288,2301.926029
-9583.0,288,2302.735208
-9183.0,288,2303.454987
-8631.0,288,2305.523421
-10814.0,288,2306.32577
-10858.0,288,2307.06617
-11763.0,288,2307.749455
-10562.0,288,2308.439205
-8148.0,288,2309.096765
-8703.0,288,2309.756277
-10154.0,288,2311.901021
-7817.0,288,2312.548893
-10486.0,288,2313.239301
-8959.0,288,2314.178672
-9515.0,288,2314.84173
-9437.0,288,2315.511916
-9325.0,288,2316.145303
-9157.0,288,2318.275846
-8426.0,288,2318.914834
-9342.0,288,2319.539691
-11047.0,288,2320.24044
-8382.0,288,2321.082968
-9541.0,288,2321.764381
-8660.0,288,2322.429748
-9630.0,288,2324.646845
-9514.0,288,2325.382514
-8449.0,288,2326.019066
-8446.0,288,2326.662353
-10008.0,288,2327.356222
-8775.0,288,2328.171947
-10798.0,288,2328.838745
-8811.0,288,2330.957506
-11699.0,288,2331.62313
-9345.0,288,2332.289593
-8540.0,288,2332.950179
-9331.0,288,2333.61103
-9301.0,288,2334.369044
-10347.0,288,2335.264542
-8682.0,288,2335.920214
-9663.0,288,2338.030681
-9952.0,288,2338.708092
-9222.0,288,2339.339486
-8423.0,288,2339.965742
-9559.0,288,2340.652368
-9966.0,288,2341.292142
-8703.0,288,2342.054403
-10610.0,288,2344.193209
-9005.0,288,2344.878145
-11095.0,288,2345.64745
-10073.0,288,2346.277652
-8985.0,288,2346.907487
-10930.0,288,2347.563118
-9549.0,288,2348.266563
-8829.0,288,2350.49462
-9904.0,288,2351.151548
-9886.0,288,2351.854482
-8645.0,288,2352.49951
-8972.0,288,2353.155352
-8897.0,288,2353.832332
-8115.0,288,2354.476131
-10072.0,288,2357.133599
-9239.0,288,2358.049786
-9550.0,288,2358.804116
-9426.0,288,2359.478282
-9231.0,288,2360.241295
-10211.0,288,2360.981606
-11362.0,288,2361.690173
-8557.0,288,2363.86209
-9846.0,288,2364.549985
-10895.0,288,2365.291705
-8497.0,288,2366.19012
-10904.0,288,2366.995995
-9873.0,288,2367.810013
-9713.0,288,2368.585125
-9326.0,288,2370.580526
-10169.0,288,2371.275443
-9455.0,288,2371.95997
-8510.0,288,2372.627237
-9249.0,288,2373.453163
-8639.0,288,2374.136375
-11305.0,288,2374.853416
-9390.0,288,2377.038254
-8356.0,288,2377.705276
-8737.0,288,2378.637803
-8993.0,288,2379.287781
-10398.0,288,2380.010483
-9560.0,288,2380.99181
-9419.0,288,2381.709245
-9157.0,288,2384.025134
-10024.0,288,2384.764573
-9591.0,288,2385.493708
-9201.0,288,2386.1527
-9191.0,288,2386.831597
-8678.0,288,2387.58067
-11150.0,288,2388.529703
-9841.0,288,2390.739311
-10051.0,288,2391.426621
-10221.0,288,2392.123949
-10609.0,288,2392.812074
-10767.0,288,2393.533592
-10639.0,288,2394.247244
-9699.0,288,2394.956219
-9323.0,288,2395.813166
-10409.0,288,2397.852925
-9846.0,288,2398.554763
-10057.0,288,2399.273434
-8971.0,288,2399.932515
-8695.0,288,2400.614645
-9810.0,288,2401.282296
-11492.0,288,2401.98022
-8561.0,288,2404.374341
-10862.0,288,2405.13221
-11102.0,288,2405.947566
-9186.0,288,2406.626945
-8224.0,288,2407.259588
-9250.0,288,2407.972553
-9462.0,288,2408.625687
-7751.0,288,2410.948472
-8627.0,288,2411.609434
-8185.0,288,2412.987849
-9931.0,288,2413.870109
-9330.0,288,2414.647002
-10574.0,288,2415.430037
-8602.0,288,2416.273475
-8384.0,288,2418.905074
-10436.0,288,2419.838672
-10311.0,288,2420.625844
-9326.0,288,2421.603712
-9949.0,288,2422.387973
-10568.0,288,2423.142677
-9221.0,288,2423.922783
-9027.0,288,2426.145336
-9005.0,288,2426.81072
-9635.0,288,2427.519899
-8855.0,288,2428.165169
-8513.0,288,2428.979482
-9139.0,288,2429.636461
-8897.0,288,2430.374286
-8531.0,288,2432.680039
-9997.0,288,2433.423129
-9860.0,288,2434.123491
-9515.0,288,2434.821366
-9582.0,288,2435.517937
-9523.0,288,2436.5002
-8428.0,288,2437.16214
-9124.0,288,2439.585621
-9242.0,288,2440.428011
-9454.0,288,2441.163599
-9590.0,288,2441.862908
-9538.0,288,2442.526858
-8297.0,288,2443.287951
-9056.0,288,2444.077494
-9717.0,288,2446.467362
-9685.0,288,2447.142627
-9974.0,288,2447.825366
-10476.0,288,2448.646855
-10406.0,288,2449.401522
-10407.0,288,2450.102651
-9140.0,288,2450.847757
-11006.0,288,2452.947792
-8659.0,288,2453.573406
-9939.0,288,2454.213343
-9825.0,288,2454.828742
-8451.0,288,2455.441417
-11008.0,288,2456.229615
-9280.0,288,2456.943258
-9849.0,288,2457.586753
-8589.0,288,2459.958172
-10707.0,288,2460.808099
-9161.0,288,2461.673359
-9247.0,288,2462.40715
-10159.0,288,2463.150946
-10168.0,288,2463.827074
-9880.0,288,2464.501835
-10424.0,288,2466.678092
-8707.0,288,2467.389481
-8536.0,288,2468.27402
-8262.0,288,2469.024747
-12716.0,288,2469.790646
-9468.0,288,2470.491271
-13645.0,288,2471.199318
-7720.0,288,2473.404202
-8217.0,288,2474.126436
-8409.0,288,2474.769799
-9693.0,288,2475.597306
-8949.0,288,2476.281622
-10412.0,288,2476.950313
-8171.0,288,2477.628669
-11063.0,288,2479.96664
-11490.0,288,2480.697538
-8200.0,288,2481.359082
-8869.0,288,2482.037566
-10519.0,288,2482.966681
-10312.0,288,2483.662614
-10644.0,288,2484.360198
-8435.0,288,2486.450715
-9898.0,288,2487.150837
-9401.0,288,2487.880586
-9662.0,288,2488.691605
-13215.0,288,2489.445926
-9977.0,288,2490.415645
-8267.0,288,2491.140892
-9638.0,288,2493.470191
-10138.0,288,2494.200763
-10128.0,288,2494.915967
-9467.0,288,2495.606699
-9478.0,288,2496.300092
-8711.0,288,2496.939052
-8915.0,288,2497.890909
-9053.0,288,2500.466332
-8357.0,288,2501.254249
-8959.0,288,2502.247545
-8972.0,288,2503.080805
-9941.0,288,2503.954687
-10794.0,288,2504.767234
-8944.0,288,2505.501742
-10245.0,288,2507.816564
-9144.0,288,2508.533594
-10692.0,288,2509.24015
-8745.0,288,2509.906143
-11173.0,288,2510.587229
-9395.0,288,2511.340627
-10307.0,288,2512.107417
-8958.0,288,2514.148359
-9735.0,288,2514.931621
-9325.0,288,2515.791223
-10539.0,288,2516.487568
-7837.0,288,2517.120131
-10566.0,288,2517.780488
-9103.0,288,2518.447219
-9121.0,288,2519.190872
-8224.0,288,2521.932627
-8183.0,288,2522.565942
-10249.0,288,2523.385199
-9123.0,288,2523.980152
-10975.0,288,2524.619871
-9387.0,288,2525.27318
-9311.0,288,2525.952388
-11492.0,288,2528.2592
-10987.0,288,2529.255512
-9581.0,288,2530.055298
-9677.0,288,2530.956778
-12095.0,288,2531.683564
-10566.0,288,2532.497523
-10345.0,288,2533.273563
-9907.0,288,2535.382662
-9702.0,288,2536.039474
-10929.0,288,2536.708341
-9216.0,288,2537.361357
-9075.0,288,2538.181586
-9107.0,288,2538.851754
-8331.0,288,2539.709312
-8835.0,288,2541.866792
-8622.0,288,2542.530473
-9779.0,288,2543.197592
-8808.0,288,2543.831275
-8954.0,288,2544.503828
-9838.0,288,2545.353442
-9423.0,288,2546.00309
-9295.0,288,2548.100181
-9430.0,288,2548.766825
-8137.0,288,2549.359775
-9822.0,288,2550.043113
-9260.0,288,2550.721167
-10153.0,288,2551.421578
-9053.0,288,2552.282096
-10498.0,288,2554.399303
-9288.0,288,2555.064147
-8047.0,288,2555.713523
-8471.0,288,2556.363727
-10300.0,288,2557.02394
-7956.0,288,2557.640852
-9229.0,288,2558.279585
-10322.0,288,2560.322403
-10423.0,288,2561.155586
-8248.0,288,2561.782439
-10442.0,288,2562.464212
-8551.0,288,2563.166725
-9572.0,288,2563.838847
-10483.0,288,2564.526276
-8596.0,288,2566.896535
-11406.0,288,2567.642684
-9166.0,288,2568.553846
-11211.0,288,2569.206659
-10138.0,288,2569.884033
-11536.0,288,2570.545432
-9730.0,288,2571.221826
-10506.0,288,2573.499568
-9120.0,288,2574.233943
-9305.0,288,2574.952882
-8809.0,288,2575.746809
-9346.0,288,2576.404
-8148.0,288,2577.024014
-9706.0,288,2577.673617
-9473.0,288,2578.355832
-10664.0,288,2580.419701
-9235.0,288,2581.163411
-10037.0,288,2581.859501
-10093.0,288,2582.71261
-10082.0,288,2583.452531
-11322.0,288,2584.178107
-8814.0,288,2584.909914
-8980.0,288,2587.241293
-8981.0,288,2587.97603
-8680.0,288,2588.626005
-9981.0,288,2589.269084
-10517.0,288,2590.102603
-11673.0,288,2590.774435
-11009.0,288,2591.537639
-9533.0,288,2593.670501
-11102.0,288,2594.391279
-8629.0,288,2595.048399
-10316.0,288,2595.74515
-8488.0,288,2596.381099
-9051.0,288,2597.190507
-11339.0,288,2597.837982
-9722.0,288,2599.924523
-10065.0,288,2600.581552
-8774.0,288,2601.24443
-10082.0,288,2601.920054
-9840.0,288,2602.576467
-9866.0,288,2603.34958
-8607.0,288,2603.969652
-8897.0,288,2606.346569
-8117.0,288,2606.978888
-11323.0,288,2607.665307
-10785.0,288,2608.345774
-8556.0,288,2608.96655
-10661.0,288,2609.623287
-8151.0,288,2610.259351
-10843.0,288,2612.368737
-11355.0,288,2613.241751
-10206.0,288,2613.959931
-11567.0,288,2614.731047
-9052.0,288,2615.412745
-8253.0,288,2616.11217
-8629.0,288,2616.820446
-9747.0,288,2619.056442
-8414.0,288,2619.688798
-11106.0,288,2620.498644
-10194.0,288,2621.17459
-9335.0,288,2621.856528
-8737.0,288,2622.560733
-10993.0,288,2623.294561
-9885.0,288,2625.539556
-8945.0,288,2626.235121
-10618.0,288,2626.95344
-9463.0,288,2627.84342
-11192.0,288,2628.530885
-9388.0,288,2629.210998
-9252.0,288,2629.876684
-10411.0,288,2631.904698
-10892.0,288,2632.589412
-9749.0,288,2633.286604
-11347.0,288,2633.98516
-9251.0,288,2634.901016
-11284.0,288,2635.562747
-10721.0,288,2636.242479
-9466.0,288,2636.96154
-11899.0,288,2639.173454
-10933.0,288,2639.884991
-9805.0,288,2640.556517
-9787.0,288,2641.257667
-9696.0,288,2641.89414
-7529.0,288,2642.705295
-11583.0,288,2643.480703
-9325.0,288,2645.758908
-9691.0,288,2646.461564
-10620.0,288,2647.115667
-10256.0,288,2647.817605
-9497.0,288,2648.522139
-8287.0,288,2649.187748
-8995.0,288,2650.016273
-10153.0,288,2652.146805
-8307.0,288,2652.790353
-11534.0,288,2653.488154
-9652.0,288,2654.184378
-8751.0,288,2654.85264
-9548.0,288,2655.505571
-9364.0,288,2656.154601
-9639.0,288,2658.366737
-9820.0,288,2659.076432
-10673.0,288,2659.779798
-11303.0,288,2660.504348
-9444.0,288,2661.22631
-11123.0,288,2661.892477
-9395.0,288,2662.592791
-10190.0,288,2664.805707
-8807.0,288,2665.675556
-9553.0,288,2666.398057
-11969.0,288,2667.108446
-8794.0,288,2667.765381
-9500.0,288,2668.428761
-8995.0,288,2669.068955
-8489.0,288,2671.235391
-8407.0,288,2671.894669
-8511.0,288,2672.74823
-8223.0,288,2673.452731
-10284.0,288,2674.210577
-12493.0,288,2674.927579
-8887.0,288,2675.596391
-8451.0,288,2677.715939
-9473.0,288,2678.369436
-10529.0,288,2678.986382
-8812.0,288,2679.820668
-9528.0,288,2680.476157
-7581.0,288,2681.141571
-9024.0,288,2681.778296
-9624.0,288,2683.867218
-11306.0,288,2684.552657
-13135.0,288,2685.311513
-8968.0,288,2685.981503
-10172.0,288,2686.631551
-9344.0,288,2687.470051
-9931.0,288,2688.145859
-9636.0,288,2690.371371
-8989.0,288,2691.061046
-8195.0,288,2691.734769
-9360.0,288,2692.409078
-10163.0,288,2693.114555
-8809.0,288,2693.746466
-11296.0,288,2694.605142
-9261.0,288,2695.255682
-8485.0,288,2697.402254
-10010.0,288,2698.062664
-10977.0,288,2698.758535
-8482.0,288,2699.391547
-8495.0,288,2700.010983
-10587.0,288,2700.673473
-9132.0,288,2701.531331
-9694.0,288,2703.791452
-10087.0,288,2704.453883
-9761.0,288,2705.154682
-12149.0,288,2705.907068
-10640.0,288,2706.595373
-8794.0,288,2707.227571
-11948.0,288,2707.941495
-8843.0,288,2710.198449
-9805.0,288,2711.26912
-7736.0,288,2712.192687
-10553.0,288,2713.079659
-9467.0,288,2713.888829
-9388.0,288,2714.665962
-8958.0,288,2715.468572
-10083.0,288,2718.212839
-10853.0,288,2719.20472
-9750.0,288,2720.13036
-8333.0,288,2720.895509
-8622.0,288,2721.663319
-10269.0,288,2722.398249
-8485.0,288,2723.146777
-8017.0,288,2725.424153
-10137.0,288,2726.075513
-9824.0,288,2726.935524
-10476.0,288,2727.6364
-10493.0,288,2728.41392
-9809.0,288,2729.151807
-9115.0,288,2729.848822
-9970.0,288,2732.044104
-8262.0,288,2732.712222
-12182.0,288,2733.41946
-11348.0,288,2734.084171
-11497.0,288,2734.95729
-8934.0,288,2735.591434
-9553.0,288,2736.243699
-10270.0,288,2738.513169
-9827.0,288,2739.177196
-10675.0,288,2739.875059
-9220.0,288,2740.528872
-8829.0,288,2741.23703
-9572.0,288,2742.098065
-10358.0,288,2742.763513
-10786.0,288,2744.933885
-8871.0,288,2745.612669
-9487.0,288,2746.266022
-10454.0,288,2747.032639
-9862.0,288,2747.810353
-9033.0,288,2748.595258
-9884.0,288,2749.492026
-8556.0,288,2751.712601
-10661.0,288,2752.41861
-9262.0,288,2753.11946
-9384.0,288,2753.805485
-7579.0,288,2754.540507
-11010.0,288,2755.266915
-8302.0,288,2755.971262
-10182.0,288,2757.088401
-9424.0,288,2759.317961
-9804.0,288,2759.988742
-11431.0,288,2760.666702
-7918.0,288,2761.314489
-8556.0,288,2761.999931
-8943.0,288,2762.688814
-8260.0,288,2763.389019
-8559.0,288,2765.711716
-7843.0,288,2766.386214
-9443.0,288,2767.095784
-8225.0,288,2767.918806
-10067.0,288,2768.61305
-9866.0,288,2769.289315
-8713.0,288,2770.039217
-10473.0,288,2772.121778
-8978.0,288,2773.015652
-9244.0,288,2773.650623
-9481.0,288,2774.368731
-11525.0,288,2775.08353
-9905.0,288,2775.777322
-11201.0,288,2776.531306
-9220.0,288,2778.656104
-9203.0,288,2779.288573
-10023.0,288,2779.963619
-9129.0,288,2780.78381
-8341.0,288,2781.39626
-8305.0,288,2782.014077
-10125.0,288,2782.646246
-11525.0,288,2784.730698
-9902.0,288,2785.417909
-8531.0,288,2786.0821
-11449.0,288,2786.767339
-10427.0,288,2787.676765
-9590.0,288,2788.304049
-10092.0,288,2788.95057
-9730.0,288,2790.959108
-10738.0,288,2791.605142
-8514.0,288,2792.262237
-9933.0,288,2792.944661
-8396.0,288,2793.563961
-9435.0,288,2794.400109
-10632.0,288,2795.043526
-9353.0,288,2797.244034
-8695.0,288,2797.931852
-9830.0,288,2798.696518
-9907.0,288,2799.624258
-9301.0,288,2800.416301
-9807.0,288,2801.134635
-10326.0,288,2801.964242
-9653.0,288,2804.101693
-10204.0,288,2804.86113
-11134.0,288,2805.547692
-8893.0,288,2806.203017
-8954.0,288,2806.993578
-7512.0,288,2807.668881
-9532.0,288,2808.405763
-8710.0,288,2810.968493
-9753.0,288,2811.717836
-9518.0,288,2812.449555
-9363.0,288,2813.15641
-10769.0,288,2813.966997
-9671.0,288,2814.714601
-9561.0,288,2815.432438
-9649.0,288,2816.16748
-7628.0,288,2818.842542
-8368.0,288,2819.685646
-9230.0,288,2820.497688
-8012.0,288,2821.24563
-9324.0,288,2821.956598
-7578.0,288,2822.834203
-9067.0,288,2823.525202
-9989.0,288,2825.679673
-11581.0,288,2826.420952
-9046.0,288,2827.237054
-9076.0,288,2827.945261
-9535.0,288,2828.624004
-8376.0,288,2829.376369
-10105.0,288,2830.375355
-10278.0,288,2832.883764
-9727.0,288,2833.593394
-9273.0,288,2834.302198
-9510.0,288,2835.149989
-8312.0,288,2835.780964
-8143.0,288,2836.442325
-10473.0,288,2837.154612
-10959.0,288,2839.505322
-10519.0,288,2840.252013
-10675.0,288,2841.063868
-10511.0,288,2841.78387
-8497.0,288,2842.801332
-8100.0,288,2843.501136
-9393.0,288,2844.176717
-12771.0,288,2846.358276
-9103.0,288,2847.00673
-9122.0,288,2847.744154
-8470.0,288,2848.390028
-8623.0,288,2849.047501
-9641.0,288,2849.935805
-10815.0,288,2850.795669
-9859.0,288,2853.159674
-9855.0,288,2853.855845
-10539.0,288,2854.570132
-10553.0,288,2855.277247
-8851.0,288,2855.934308
-11101.0,288,2856.601434
-8836.0,288,2857.430624
-9226.0,288,2859.776179
-9369.0,288,2860.50029
-10631.0,288,2861.268349
-8427.0,288,2861.966116
-9832.0,288,2862.674143
-10809.0,288,2863.464208
-9122.0,288,2864.148169
-9271.0,288,2866.478933
-9671.0,288,2867.167738
-11780.0,288,2867.894608
-9316.0,288,2868.580771
-8454.0,288,2869.259245
-10383.0,288,2869.97855
-10864.0,288,2870.687392
-9474.0,288,2873.222566
-8647.0,288,2873.879798
-11740.0,288,2874.777894
-8544.0,288,2875.461228
-10601.0,288,2876.135122
-9863.0,288,2876.844418
-9473.0,288,2877.534285
-8189.0,288,2878.229109
-9711.0,288,2880.709835
-10352.0,288,2881.45253
-11095.0,288,2882.397074
-12192.0,288,2883.248275
-8045.0,288,2883.982719
-9590.0,288,2884.675166
-9000.0,288,2885.33913
-9644.0,288,2887.510149
-8926.0,288,2888.215221
-8733.0,288,2888.928994
-9203.0,288,2889.847564
-11672.0,288,2890.559253
-8740.0,288,2891.249722
-8567.0,288,2891.936239
-8895.0,288,2894.442394
-9931.0,288,2895.111249
-9869.0,288,2895.794431
-8888.0,288,2896.450859
-8751.0,288,2897.294416
-10281.0,288,2897.998043
-11143.0,288,2898.697618
-9783.0,288,2900.918187
-10622.0,288,2901.624731
-10152.0,288,2902.332713
-10625.0,288,2903.064001
-9029.0,288,2903.760653
-8464.0,288,2904.684981
-10318.0,288,2905.433305
-10739.0,288,2907.75016
-10562.0,288,2908.50629
-9804.0,288,2909.16668
-9290.0,288,2909.972763
-8678.0,288,2910.748389
-7810.0,288,2911.573883
-9733.0,288,2912.428081
-8916.0,288,2914.791449
-11260.0,288,2915.509709
-8801.0,288,2916.220151
-11264.0,288,2917.013142
-8318.0,288,2917.638177
-11295.0,288,2918.30842
-9746.0,288,2918.981879
-9099.0,288,2921.028071
-8736.0,288,2921.929194
-10012.0,288,2922.696977
-9605.0,288,2923.543362
-8991.0,288,2924.160674
-9245.0,288,2924.87174
-9000.0,288,2925.60322
-10369.0,288,2927.759406
-10475.0,288,2928.411072
-7919.0,288,2929.178883
-11290.0,288,2929.883229
-11479.0,288,2930.56892
-10940.0,288,2931.274821
-10950.0,288,2931.968389
-9542.0,288,2934.131215
-10131.0,288,2934.836061
-8752.0,288,2935.440351
-11202.0,288,2936.265666
-9221.0,288,2936.992869
-9958.0,288,2937.689978
-8785.0,288,2938.366513
-10035.0,288,2939.064376
-9447.0,288,2941.230246
-11026.0,288,2941.897211
-8499.0,288,2942.559832
-9700.0,288,2943.482064
-9621.0,288,2944.146411
-9794.0,288,2944.81664
-10421.0,288,2945.503119
-8643.0,288,2947.774287
-7413.0,288,2948.375279
-9784.0,288,2949.025892
-11050.0,288,2949.695434
-10192.0,288,2950.569187
-11990.0,288,2951.273407
-10662.0,288,2951.96987
-12697.0,288,2954.128234
-10662.0,288,2954.801677
-13255.0,288,2955.630632
-9923.0,288,2956.295251
-9839.0,288,2956.986474
-11154.0,288,2957.914549
-9443.0,288,2958.64812
-11999.0,288,2960.699595
-10577.0,288,2961.40526
-10456.0,288,2962.147816
-8801.0,288,2962.858316
-9504.0,288,2963.501907
-10131.0,288,2964.16638
-9240.0,288,2964.830989
-9553.0,288,2967.236533
-8997.0,288,2968.178875
-11440.0,288,2968.923432
-10368.0,288,2969.712144
-11875.0,288,2970.47354
-10616.0,288,2971.19112
-8487.0,288,2971.851397
-9693.0,288,2974.195009
-9874.0,288,2975.025827
-9833.0,288,2975.712
-11300.0,288,2976.412477
-10219.0,288,2977.122472
-10214.0,288,2977.896072
-8465.0,288,2978.847647
-8975.0,288,2981.231279
-8546.0,288,2981.865248
-10578.0,288,2982.731018
-8806.0,288,2983.457577
-9758.0,288,2984.159014
-9936.0,288,2984.834914
-9723.0,288,2985.533439
-9954.0,288,2987.64014
-8073.0,288,2988.279055
-9259.0,288,2988.906885
-10533.0,288,2989.786706
-9230.0,288,2990.446489
-10070.0,288,2991.255085
-10818.0,288,2991.946342
-9646.0,288,2994.098092
-10226.0,288,2994.806242
-9337.0,288,2995.494128
-8619.0,288,2996.10164
-11685.0,288,2996.938427
-9042.0,288,2997.615377
-9388.0,288,2998.287882
-8462.0,288,2998.954659
-10695.0,288,3001.195956
-9179.0,288,3001.872263
-8994.0,288,3002.537311
-9850.0,288,3003.252872
-9148.0,288,3003.909682
-12010.0,288,3004.76797
-9880.0,288,3005.473154
-7880.0,288,3007.709469
-8026.0,288,3008.850269
-9953.0,288,3009.627668
-8704.0,288,3010.346622
-11044.0,288,3011.038339
-8810.0,288,3011.687336
-9745.0,288,3012.569868
-9548.0,288,3014.680351
-8794.0,288,3015.295462
-9708.0,288,3015.959521
-10385.0,288,3016.639465
-10076.0,288,3017.33568
-8326.0,288,3018.20178
-8022.0,288,3019.014409
-9998.0,288,3021.591846
-9070.0,288,3022.506784
-8353.0,288,3023.367069
-10885.0,288,3024.143521
-10545.0,288,3025.158641
-9032.0,288,3025.943757
-9372.0,288,3026.614477
-9020.0,288,3028.782369
-8763.0,288,3029.600446
-10936.0,288,3030.422326
-10250.0,288,3031.330573
-8221.0,288,3032.078612
-9801.0,288,3032.772955
-9323.0,288,3033.436653
-9404.0,288,3035.395518
-9005.0,288,3036.050991
-9475.0,288,3036.849486
-7495.0,288,3037.441936
-8311.0,288,3038.097715
-10387.0,288,3038.790724
-11694.0,288,3039.444899
-10434.0,288,3041.566238
-8543.0,288,3042.232645
-10555.0,288,3042.952104
-7846.0,288,3043.762427
-8786.0,288,3044.403301
-10971.0,288,3045.089162
-8611.0,288,3045.78481
-9727.0,288,3047.93126
-8916.0,288,3048.585047
-9683.0,288,3049.241588
-11098.0,288,3049.878849
-7962.0,288,3050.671601
-8246.0,288,3051.256135
-11279.0,288,3051.961071
-10684.0,288,3054.274588
-10555.0,288,3054.980106
-10046.0,288,3055.719812
-9299.0,288,3056.704186
-10397.0,288,3057.704887
-9754.0,288,3058.422894
-10533.0,288,3059.258774
-8742.0,288,3060.039344
-9327.0,288,3062.139385
-10487.0,288,3062.779749
-8593.0,288,3063.421368
-9618.0,288,3064.084195
-8782.0,288,3064.740238
-10363.0,288,3065.454826
-8767.0,288,3066.29507
-9936.0,288,3068.488014
-8753.0,288,3069.145701
-9293.0,288,3069.849344
-8356.0,288,3070.531277
-10421.0,288,3071.208632
-9183.0,288,3071.813195
-10643.0,288,3072.481821
-9157.0,288,3074.672231
-9644.0,288,3075.306548
-9514.0,288,3075.906599
-8005.0,288,3076.54104
-10896.0,288,3077.351227
-9070.0,288,3078.237219
-8593.0,288,3079.056581
-8763.0,288,3341.233292
