#{"t_start": 1741202062.4214797, "env_id": "None"}
r,l,t
-11111.0,288,4.732271
-11380.0,288,5.34155
-10348.0,288,5.853495
-12031.0,288,6.387788
-11181.0,288,6.915297
-10499.0,288,7.443884
-10679.0,288,7.958814
-8531.0,288,9.788043
-11352.0,288,10.446917
-9282.0,288,10.96255
-8163.0,288,11.484033
-11360.0,288,12.018106
-11735.0,288,12.613393
-9993.0,288,13.134967
-10535.0,288,15.089444
-11567.0,288,15.592302
-12755.0,288,16.282051
-9969.0,288,23.272264
-12723.0,288,24.036861
-12077.0,288,24.685585
-12323.0,288,25.478942
-13036.0,288,28.481026
-12815.0,288,29.210123
-10018.0,288,29.788573
-10327.0,288,30.394422
-11333.0,288,31.129218
-12054.0,288,31.700575
-12802.0,288,32.270082
-10618.0,288,35.226513
-11804.0,288,35.854713
-12848.0,288,36.456606
-11670.0,288,37.027106
-11204.0,288,37.625369
-12354.0,288,38.181755
-10563.0,288,43.090446
-10581.0,288,45.387573
-13775.0,288,45.940129
-11341.0,288,46.50856
-10596.0,288,47.091082
-11361.0,288,47.836935
-11605.0,288,48.402921
-9658.0,288,48.887777
-11405.0,288,50.786172
-12905.0,288,51.314743
-12024.0,288,51.834543
-10829.0,288,52.357786
-11563.0,288,52.886688
-10536.0,288,53.553293
-10044.0,288,54.039629
-10880.0,288,55.987062
-12039.0,288,56.539265
-12374.0,288,57.064095
-11166.0,288,60.848181
-11626.0,288,61.380282
-10736.0,288,61.90613
-11888.0,288,62.40571
-9528.0,288,64.274815
-10961.0,288,64.812075
-12000.0,288,65.470811
-10670.0,288,66.014731
-12619.0,288,66.513499
-12270.0,288,66.990139
-10700.0,288,67.491619
-11294.0,288,67.987609
-12189.0,288,69.786701
-10366.0,288,70.310529
-11334.0,288,70.938204
-12299.0,288,71.425603
-12487.0,288,71.925099
-13147.0,288,76.090683
-11521.0,288,76.779033
-9766.0,288,78.65688
-9853.0,288,79.150924
-10993.0,288,79.680731
-10343.0,288,80.179653
-11416.0,288,80.660835
-12102.0,288,81.158712
-9932.0,288,81.716722
-11360.0,288,83.776005
-12433.0,288,84.359146
-11915.0,288,85.141247
-11803.0,288,85.66432
-10131.0,288,86.177546
-11310.0,288,86.673504
-10628.0,288,87.246235
-11081.0,288,89.535596
-11550.0,288,93.699783
-11329.0,288,94.21406
-11276.0,288,94.741878
-12375.0,288,95.397127
-11885.0,288,95.919236
-13208.0,288,96.444966
-11279.0,288,98.257634
-11441.0,288,98.762635
-11383.0,288,99.280075
-12034.0,288,99.785487
-10874.0,288,100.289168
-12261.0,288,100.954793
-11744.0,288,101.462625
-10059.0,288,103.239231
-10838.0,288,103.741699
-12824.0,288,104.229149
-13228.0,288,104.72331
-11870.0,288,105.248347
-10894.0,288,109.266346
-11474.0,288,109.776547
-11888.0,288,111.623153
-10860.0,288,112.116434
-10262.0,288,112.81635
-11006.0,288,113.367664
-9605.0,288,113.869294
-11171.0,288,114.37319
-8929.0,288,114.899845
-11123.0,288,116.825726
-10269.0,288,117.325388
-12354.0,288,117.829114
-13498.0,288,118.446999
-11462.0,288,118.947288
-10758.0,288,119.480947
-11855.0,288,120.014795
-13262.0,288,122.126865
-13200.0,288,126.285971
-11597.0,288,126.773685
-11963.0,288,127.25245
-10455.0,288,127.727288
-8912.0,288,128.214145
-10799.0,288,128.694919
-12067.0,288,129.163485
-10390.0,288,131.07612
-13649.0,288,131.550433
-10910.0,288,132.026815
-13830.0,288,132.534634
-12714.0,288,133.002345
-10911.0,288,133.475035
-13570.0,288,133.955202
-11870.0,288,135.645435
-11296.0,288,136.283733
-12251.0,288,136.792099
-13261.0,288,140.431578
-12497.0,288,141.068008
-13525.0,288,141.547881
-11308.0,288,142.016986
-11946.0,288,143.718746
-12069.0,288,144.218714
-11474.0,288,144.68488
-11170.0,288,145.155044
-10869.0,288,145.649269
-12602.0,288,146.258238
-10254.0,288,146.769824
-11699.0,288,148.530827
-11933.0,288,149.02771
-11089.0,288,149.520883
-11074.0,288,150.024868
-10789.0,288,150.52241
-11770.0,288,151.006944
-9393.0,288,151.638799
-12618.0,288,156.530526
-8993.0,288,157.013977
-10739.0,288,157.642574
-12562.0,288,158.123235
-11603.0,288,158.60938
-10640.0,288,159.09485
-10925.0,288,159.579029
-12903.0,288,161.300139
-10411.0,288,161.779409
-11427.0,288,162.272241
-12927.0,288,162.913795
-10753.0,288,163.41253
-11284.0,288,163.895468
-9669.0,288,164.374288
-12513.0,288,166.117183
-10282.0,288,166.609936
-11705.0,288,167.0813
-13253.0,288,170.842406
-10403.0,288,171.314217
-11386.0,288,171.792697
-13420.0,288,172.2687
-10341.0,288,174.06852
-12857.0,288,174.544302
-11502.0,288,175.013091
-12991.0,288,175.481339
-9733.0,288,175.946756
-10468.0,288,176.429327
-13391.0,288,176.895591
-11470.0,288,178.577061
-12121.0,288,179.226442
-11618.0,288,179.700342
-14466.0,288,180.193402
-9435.0,288,180.696572
-11301.0,288,181.185435
-11275.0,288,184.926364
-11430.0,288,185.415215
-11296.0,288,187.080394
-11289.0,288,187.559334
-11430.0,288,188.030493
-11865.0,288,188.517295
-11181.0,288,189.156462
-11305.0,288,189.655218
-10709.0,288,190.121115
-10748.0,288,191.823926
-12358.0,288,192.314363
-12756.0,288,192.819041
-12885.0,288,193.302079
-10810.0,288,193.810049
-11874.0,288,194.438971
-13399.0,288,194.904091
-11161.0,288,196.597986
-10589.0,288,197.064953
-10726.0,288,201.010069
-12462.0,288,201.505473
-13085.0,288,201.99701
-9833.0,288,202.507936
-10758.0,288,203.005759
-10913.0,288,204.68119
-10689.0,288,205.176511
-10201.0,288,205.645196
-11384.0,288,206.255785
-12258.0,288,206.725689
-10828.0,288,207.213178
-9670.0,288,207.686061
-12505.0,288,209.531689
-11700.0,288,210.02215
-10469.0,288,210.610156
-10325.0,288,211.115061
-11275.0,288,211.758997
-10863.0,288,215.57297
-12896.0,288,216.070302
-11715.0,288,217.8975
-10113.0,288,218.384614
-10381.0,288,218.86852
-12667.0,288,219.349733
-10851.0,288,219.833733
-10613.0,288,220.318889
-11166.0,288,220.815413
-11109.0,288,222.564553
-9818.0,288,223.204062
-10294.0,288,223.707764
-10901.0,288,224.200756
-11935.0,288,224.677901
-12574.0,288,225.164605
-13556.0,288,225.64766
-12408.0,288,227.339979
-11285.0,288,227.83638
-11135.0,288,231.682052
-12895.0,288,232.159091
-12376.0,288,232.644278
-11270.0,288,233.120657
-12063.0,288,233.766019
-11522.0,288,235.433402
-12220.0,288,235.950419
-12343.0,288,236.429501
-11253.0,288,236.911273
-11424.0,288,237.385314
-10197.0,288,237.865222
-12063.0,288,238.364072
-11695.0,288,238.998064
-11720.0,288,240.67643
-12285.0,288,241.15718
-10915.0,288,241.630978
-12864.0,288,242.10258
-12759.0,288,246.053357
-11787.0,288,246.532876
-12108.0,288,247.031759
-11336.0,288,248.698855
-12221.0,288,249.18438
-13941.0,288,249.658031
-12220.0,288,250.286414
-12016.0,288,250.772901
-11959.0,288,251.252093
-13004.0,288,251.739283
-11583.0,288,253.427476
-11357.0,288,253.914153
-9131.0,288,254.380656
-12607.0,288,254.848188
-11365.0,288,255.459486
-11783.0,288,255.954619
-12188.0,288,256.442029
-13294.0,288,261.495272
-10764.0,288,262.124308
-12392.0,288,262.613624
-10181.0,288,263.090384
-13704.0,288,263.569918
-11941.0,288,264.055029
-13072.0,288,264.586474
-10331.0,288,266.266313
-9444.0,288,266.755184
-9830.0,288,267.387172
-10424.0,288,267.870562
-10616.0,288,268.354502
-11019.0,288,268.835392
-14637.0,288,269.330799
-10984.0,288,270.987159
-10283.0,288,271.48486
-12129.0,288,271.964961
-13148.0,288,272.59013
-10997.0,288,276.344791
-11686.0,288,276.807456
-10260.0,288,277.419634
-10520.0,288,279.115099
-10449.0,288,279.592905
-12282.0,288,280.084011
-12034.0,288,280.550561
-11650.0,288,281.015257
-12152.0,288,281.483871
-10988.0,288,281.966057
-10871.0,288,283.763863
-12667.0,288,284.247383
-11811.0,288,284.727547
-12837.0,288,285.200227
-10876.0,288,285.691503
-9792.0,288,286.165674
-10717.0,288,286.641236
-9744.0,288,291.766376
-10805.0,288,292.253735
-12144.0,288,292.718961
-10636.0,288,293.19843
-10950.0,288,293.664829
-13230.0,288,294.280543
-11473.0,288,294.748622
-12573.0,288,295.216351
-11136.0,288,297.007611
-11932.0,288,297.474562
-10912.0,288,297.953328
-12292.0,288,298.419221
-11309.0,288,298.882682
-12300.0,288,299.493529
-9368.0,288,299.976228
-11003.0,288,301.676085
-12791.0,288,302.170763
-11576.0,288,306.124794
-11864.0,288,306.619714
-11893.0,288,307.105639
-11203.0,288,307.593515
-11394.0,288,308.065924
-9420.0,288,309.787627
-12755.0,288,310.268834
-12289.0,288,310.753722
-12669.0,288,311.400364
-12075.0,288,311.883973
-12468.0,288,312.366376
-11022.0,288,312.849158
-10809.0,288,314.570585
-11046.0,288,315.055121
-10380.0,288,315.545776
-9677.0,288,316.026454
-12357.0,288,316.649281
-10316.0,288,317.12081
-12864.0,288,320.938552
-10374.0,288,322.783602
-11577.0,288,323.247146
-10417.0,288,323.718305
-12539.0,288,324.21092
-10308.0,288,324.679985
-10601.0,288,325.146587
-10439.0,288,325.612512
-10532.0,288,327.288508
-10472.0,288,327.913357
-10156.0,288,328.399976
-12144.0,288,328.882954
-12394.0,288,329.353255
-11145.0,288,329.820847
-9507.0,288,330.30079
-10317.0,288,332.003014
-12050.0,288,332.48446
-12777.0,288,336.246334
-12216.0,288,336.712959
-13340.0,288,337.181898
-10231.0,288,337.810855
-10855.0,288,338.274572
-10320.0,288,339.933613
-10094.0,288,340.431982
-12258.0,288,340.90805
-12461.0,288,341.370729
-12880.0,288,341.844915
-13522.0,288,342.3244
-12037.0,288,342.961892
-10889.0,288,344.694842
-10205.0,288,345.190758
-10968.0,288,345.679123
-12291.0,288,346.175536
-10590.0,288,346.661058
-11656.0,288,350.54439
-12053.0,288,351.033417
-11829.0,288,351.515301
-11752.0,288,353.220428
-13111.0,288,353.701289
-12536.0,288,354.181184
-11629.0,288,354.817935
-12422.0,288,355.312353
-12091.0,288,355.792283
-8370.0,288,356.277534
-11788.0,288,358.037741
-10943.0,288,358.527374
-11492.0,288,359.018911
-9548.0,288,359.513651
-12232.0,288,360.14064
-11053.0,288,360.626238
-10474.0,288,361.105511
-9653.0,288,362.822587
-10808.0,288,366.719523
-11316.0,288,367.211061
-9344.0,288,367.703658
-12520.0,288,368.191195
-10735.0,288,368.660724
-9235.0,288,369.127751
-11303.0,288,370.800526
-10380.0,288,371.454529
-12077.0,288,371.952437
-11701.0,288,372.446456
-11176.0,288,372.925954
-11891.0,288,373.391306
-12471.0,288,373.862272
-10471.0,288,375.595428
-13330.0,288,376.077803
-12009.0,288,376.70715
-11837.0,288,377.213003
-13548.0,288,380.891338
-10052.0,288,381.3823
-12783.0,288,382.016229
-11392.0,288,383.742627
-12387.0,288,384.236487
-11369.0,288,384.711019
-13043.0,288,385.188158
-13138.0,288,385.662909
-10623.0,288,386.154166
-11425.0,288,386.640378
-12164.0,288,388.522083
-9121.0,288,389.009541
-12326.0,288,389.494009
-12645.0,288,389.976359
-12161.0,288,390.464515
-12875.0,288,390.937633
-10828.0,288,391.410561
-9655.0,288,393.090105
-11986.0,288,396.841715
-11762.0,288,397.322266
-13058.0,288,397.812401
-11337.0,288,398.437387
-11435.0,288,398.923113
-9767.0,288,399.416625
-12313.0,288,401.102907
-11542.0,288,401.62977
-12225.0,288,402.116513
-11435.0,288,402.592085
-11279.0,288,403.073523
-12383.0,288,403.943919
-9474.0,288,404.724162
-10585.0,288,405.498558
-10604.0,288,407.629108
-9800.0,288,408.141111
-10768.0,288,408.630883
-11239.0,288,412.787631
-10732.0,288,413.332947
-12464.0,288,413.904781
-12383.0,288,414.453286
-12995.0,288,416.40407
-10609.0,288,416.937007
-10725.0,288,417.641342
-11613.0,288,418.204269
-11907.0,288,418.745292
-12052.0,288,419.256854
-10644.0,288,419.835285
-11225.0,288,422.252457
-12642.0,288,422.81599
-13991.0,288,423.351841
-10063.0,288,424.003189
-11108.0,288,424.55648
-10610.0,288,425.083277
-11789.0,288,429.557317
-11955.0,288,431.631343
-11641.0,288,432.166596
-11220.0,288,432.698953
-10371.0,288,433.229627
-10464.0,288,433.730481
-12320.0,288,434.244958
-10370.0,288,434.784832
-10776.0,288,436.959148
-11174.0,288,437.508555
-11572.0,288,438.052025
-11918.0,288,438.622596
-11889.0,288,439.183048
-10807.0,288,439.746034
-13681.0,288,440.283941
-12802.0,288,442.246959
-11478.0,288,442.906786
-10195.0,288,443.417661
-10736.0,288,447.5984
-11131.0,288,448.132796
-12536.0,288,448.845257
-11697.0,288,449.382896
-11757.0,288,451.407503
-10216.0,288,451.943195
-11883.0,288,452.478496
-10084.0,288,453.031684
-11751.0,288,453.569182
-12090.0,288,454.113094
-10705.0,288,454.802976
-12025.0,288,456.739858
-12431.0,288,457.332658
-11997.0,288,457.857391
-11658.0,288,458.375609
-12577.0,288,458.933819
-10530.0,288,459.462889
-12784.0,288,463.778785
-11591.0,288,465.682548
-12010.0,288,466.254301
-11822.0,288,466.756981
-10677.0,288,467.413245
-11040.0,288,467.929617
-11334.0,288,468.466011
-10622.0,288,468.995793
-11477.0,288,469.530748
-12114.0,288,471.420799
-10182.0,288,471.93289
-10615.0,288,472.462074
-11276.0,288,473.154314
-12772.0,288,473.688565
-12161.0,288,474.217404
-11709.0,288,474.803138
-11100.0,288,476.997424
-11563.0,288,481.316269
-12599.0,288,481.880242
-13286.0,288,482.413941
-10657.0,288,482.995476
-9624.0,288,483.557003
-12574.0,288,484.114769
-11991.0,288,486.253369
-11327.0,288,486.90613
-11513.0,288,487.407019
-11137.0,288,487.912299
-12753.0,288,488.432426
-12530.0,288,488.984731
-10465.0,288,489.491278
-9323.0,288,491.276627
-11514.0,288,491.792992
-11625.0,288,492.43097
-10655.0,288,492.937222
-10165.0,288,493.436022
-9749.0,288,497.36215
-11419.0,288,498.010446
-11819.0,288,499.774398
-11241.0,288,500.280411
-12196.0,288,500.771536
-10860.0,288,501.280899
-9893.0,288,501.781543
-10913.0,288,502.292906
-13039.0,288,502.789685
-11152.0,288,504.710403
-11991.0,288,505.213093
-11815.0,288,505.71233
-11800.0,288,506.218916
-11527.0,288,506.714102
-11691.0,288,507.206192
-11042.0,288,507.699016
-10926.0,288,509.591679
-11589.0,288,513.536075
-9834.0,288,514.028172
-10349.0,288,514.528691
-10565.0,288,515.183805
-10252.0,288,515.676704
-11650.0,288,516.167331
-11150.0,288,517.997545
-10014.0,288,518.495143
-12835.0,288,518.979738
-10057.0,288,519.480357
-11975.0,288,519.976204
-10643.0,288,520.622592
-11754.0,288,521.124447
-11408.0,288,522.868056
-12041.0,288,523.366277
-11614.0,288,523.869223
-14161.0,288,524.36703
-11630.0,288,528.455652
-9701.0,288,528.945683
-10991.0,288,529.432608
-11330.0,288,529.91965
-11852.0,288,531.681007
-11562.0,288,532.163652
-10643.0,288,532.821123
-11953.0,288,533.317844
-10586.0,288,533.812807
-10361.0,288,534.307644
-12171.0,288,534.814753
-10789.0,288,536.603631
-12059.0,288,537.113202
-11939.0,288,537.605846
-11686.0,288,538.24805
-10920.0,288,538.748046
-12129.0,288,539.258889
-10224.0,288,539.76323
-10590.0,288,545.053615
-11224.0,288,545.537542
-11930.0,288,546.040894
-11239.0,288,546.562382
-11742.0,288,547.03732
-11761.0,288,547.509755
-11764.0,288,548.01662
-10644.0,288,549.927639
-9601.0,288,550.434437
-12138.0,288,550.930685
-11273.0,288,551.424186
-12044.0,288,551.919813
-13042.0,288,552.413554
-9129.0,288,552.883433
-10825.0,288,554.599865
-11783.0,288,555.223072
-11910.0,288,555.711119
-9978.0,288,559.538836
-12292.0,288,560.01984
-10669.0,288,560.65363
-12243.0,288,561.134373
-13359.0,288,562.844657
-11322.0,288,563.326364
-11280.0,288,563.828368
-12773.0,288,564.312591
-10109.0,288,564.793139
-9335.0,288,565.266393
-12447.0,288,565.903761
-11702.0,288,567.631485
-10359.0,288,568.118704
-10136.0,288,568.597967
-11553.0,288,569.081255
-12971.0,288,569.553439
-14395.0,288,570.037717
-11654.0,288,570.513297
-13254.0,288,575.677674
-11120.0,288,576.165755
-12441.0,288,576.651048
-13392.0,288,577.284946
-10741.0,288,577.770693
-10765.0,288,578.275189
-11344.0,288,578.770316
-14093.0,288,580.446016
-13038.0,288,580.933131
-11358.0,288,581.412799
-10863.0,288,581.876525
-14520.0,288,582.490236
-10790.0,288,582.960984
-11979.0,288,583.440616
-11042.0,288,583.909614
-10668.0,288,585.607641
-11319.0,288,586.073917
-11516.0,288,589.99252
-13016.0,288,590.475786
-11793.0,288,591.047014
-11298.0,288,591.517718
-14104.0,288,591.985332
-11399.0,288,593.69401
-10553.0,288,594.343584
-9911.0,288,594.815136
-10849.0,288,595.282628
-10309.0,288,595.747032
-10267.0,288,596.216756
-12052.0,288,596.69272
-11633.0,288,598.369976
-12379.0,288,598.84591
-11400.0,288,599.469366
-10686.0,288,599.954223
-10582.0,288,600.440972
-11654.0,288,604.248821
-12041.0,288,604.879038
-11131.0,288,606.576019
-14663.0,288,607.040778
-11323.0,288,607.515219
-12033.0,288,607.979894
-10131.0,288,608.454305
-10768.0,288,608.936907
-12050.0,288,609.403816
-11287.0,288,611.230253
-11339.0,288,611.711193
-10538.0,288,612.231444
-11552.0,288,612.716555
-13224.0,288,613.185296
-11552.0,288,613.651251
-12217.0,288,614.135371
-13467.0,288,615.931475
-11791.0,288,616.436955
-13074.0,288,620.19019
-11124.0,288,620.678587
-11606.0,288,621.310278
-12497.0,288,621.780814
-12228.0,288,622.266458
-10782.0,288,623.97894
-10978.0,288,624.470397
-11793.0,288,624.950767
-12131.0,288,625.44803
-11087.0,288,625.932869
-11108.0,288,626.554601
-10162.0,288,627.031858
-11235.0,288,628.726745
-12221.0,288,629.219036
-11531.0,288,629.721045
-10455.0,288,630.190684
-12657.0,288,630.666961
-10664.0,288,634.643892
-11721.0,288,635.119295
-11010.0,288,636.813274
-11518.0,288,637.313765
-11225.0,288,637.786111
-10042.0,288,638.421137
-12147.0,288,638.904703
-10794.0,288,639.387414
-11232.0,288,639.871317
-11316.0,288,640.347962
-10637.0,288,642.033836
-13890.0,288,642.516022
-10457.0,288,643.005926
-11384.0,288,643.630983
-10764.0,288,644.104765
-10772.0,288,644.583197
-12696.0,288,645.08278
-11336.0,288,650.262465
-10220.0,288,650.756244
-12392.0,288,651.244954
-11151.0,288,651.750338
-11022.0,288,652.234588
-9222.0,288,652.705961
-10982.0,288,653.174321
-13009.0,288,655.033477
-13008.0,288,655.516067
-13203.0,288,656.011725
-13722.0,288,656.497769
-11860.0,288,656.984839
-10617.0,288,657.469989
-11980.0,288,657.95411
-10581.0,288,659.642889
-11522.0,288,660.264174
-11414.0,288,660.770933
-11435.0,288,661.255373
-9815.0,288,665.069298
-12787.0,288,665.703658
-12263.0,288,666.182216
-11444.0,288,667.910766
-12575.0,288,668.389504
-12947.0,288,668.864821
-9314.0,288,669.358668
-11884.0,288,669.844658
-11034.0,288,670.325634
-13135.0,288,670.945105
-10913.0,288,672.678139
-11964.0,288,673.159145
-10133.0,288,673.648251
-12367.0,288,674.126253
-11037.0,288,674.596701
-13620.0,288,675.075202
-10922.0,288,675.550088
-10926.0,288,680.802539
-10878.0,288,681.294344
-11232.0,288,681.784597
-12832.0,288,682.259309
-10049.0,288,682.89633
-10721.0,288,683.374566
-9926.0,288,683.859266
-11526.0,288,685.554267
-11607.0,288,686.03605
-10850.0,288,686.50136
-9898.0,288,686.97981
-10952.0,288,687.444646
-11341.0,288,688.053293
-9568.0,288,688.522325
-12134.0,288,690.230788
-11280.0,288,690.716293
-13028.0,288,691.192672
-11874.0,288,695.160913
-11353.0,288,695.64958
-10997.0,288,696.156909
-10675.0,288,696.640531
-9746.0,288,697.129799
-12026.0,288,698.842383
-12741.0,288,699.466579
-11884.0,288,699.941296
-11681.0,288,700.431613
-11403.0,288,700.913429
-11404.0,288,701.395601
-10730.0,288,701.87813
-12929.0,288,703.587653
-9944.0,288,704.074302
-15226.0,288,704.713231
-13040.0,288,705.199303
-11877.0,288,705.680971
-11096.0,288,706.157386
-11707.0,288,710.116942
-11893.0,288,711.837686
-13118.0,288,712.309717
-11186.0,288,712.78104
-12612.0,288,713.270963
-9450.0,288,713.767228
-10637.0,288,714.250779
-11438.0,288,714.733284
-11207.0,288,716.607088
-12063.0,288,717.09293
-12014.0,288,717.56768
-13058.0,288,718.050198
-11788.0,288,718.525939
-11666.0,288,718.996711
-10099.0,288,719.47121
-11833.0,288,721.18007
-11255.0,288,721.809774
-11906.0,288,725.669163
-11659.0,288,726.149822
-11390.0,288,726.803232
-12579.0,288,727.329008
-11684.0,288,727.806793
-11059.0,288,729.557622
-13709.0,288,730.062927
-11067.0,288,730.549551
-12662.0,288,731.047265
-11135.0,288,731.53138
-11601.0,288,732.15982
-10914.0,288,732.649181
-10830.0,288,734.366521
-11382.0,288,734.840757
-10668.0,288,735.316502
-10216.0,288,735.805059
-11507.0,288,736.279435
-14624.0,288,740.227523
-9459.0,288,740.703455
-11818.0,288,742.429004
-13050.0,288,742.914819
-10254.0,288,743.387467
-13582.0,288,744.009343
-12056.0,288,744.500399
-11278.0,288,744.97626
-11676.0,288,745.451684
-11466.0,288,747.132979
-10975.0,288,747.639842
-10812.0,288,748.106473
-12870.0,288,748.576684
-10855.0,288,749.210124
-11450.0,288,749.691011
-11931.0,288,750.172762
-11592.0,288,750.654292
-12598.0,288,752.417636
-13017.0,288,756.372428
-11985.0,288,756.857119
-14200.0,288,757.344642
-11799.0,288,757.839705
-12165.0,288,758.314764
-12841.0,288,758.787353
-11771.0,288,760.640849
-11619.0,288,761.11777
-11678.0,288,761.600838
-11743.0,288,762.096901
-12401.0,288,762.584216
-9860.0,288,763.069548
-11841.0,288,763.555077
-12304.0,288,765.242087
-12453.0,288,765.871136
-11371.0,288,766.362871
-11419.0,288,766.833882
-10853.0,288,770.649333
-10406.0,288,771.288746
-14026.0,288,771.774626
-11256.0,288,773.484552
-10866.0,288,773.971678
-10580.0,288,774.455963
-11836.0,288,774.93372
-10868.0,288,775.420953
-10453.0,288,775.911447
-11421.0,288,776.539402
-10045.0,288,778.251245
-11969.0,288,778.718449
-11333.0,288,779.188024
-12309.0,288,779.694031
-10693.0,288,780.181327
-9377.0,288,780.664567
-14810.0,288,781.128597
-11633.0,288,783.007896
-11119.0,288,786.783723
-11953.0,288,787.256692
-11351.0,288,787.723431
-12785.0,288,788.349082
-10785.0,288,788.837021
-10183.0,288,789.324635
-11656.0,288,791.00391
-12759.0,288,791.486233
-10446.0,288,791.995113
-12515.0,288,792.481458
-11234.0,288,792.964552
-12609.0,288,793.574943
-10569.0,288,794.043392
-12877.0,288,795.715465
-9712.0,288,796.220319
-9950.0,288,796.704483
-11260.0,288,797.203877
-11329.0,288,801.130128
-12394.0,288,801.620431
-10433.0,288,802.105752
-10324.0,288,803.787703
-11839.0,288,804.283721
-10894.0,288,804.909517
-11845.0,288,805.394861
-10563.0,288,805.879435
-9848.0,288,806.379957
-10998.0,288,806.862525
-12036.0,288,807.348808
-12361.0,288,809.044948
-12322.0,288,809.53102
-9984.0,288,810.162172
-11564.0,288,810.661716
-10862.0,288,811.144275
-11496.0,288,811.620859
-11465.0,288,815.59068
-11870.0,288,817.253548
-10799.0,288,817.726531
-11829.0,288,818.208826
-11013.0,288,818.68412
-10907.0,288,819.156748
-11553.0,288,819.636428
-10324.0,288,820.109376
-10538.0,288,821.980546
-10493.0,288,822.470645
-10785.0,288,822.950551
-12341.0,288,823.447228
-11509.0,288,823.94434
-10987.0,288,824.428849
-10595.0,288,824.909814
-12282.0,288,826.610392
-11187.0,288,827.239575
-11641.0,288,827.721599
-11370.0,288,831.510786
-11869.0,288,832.129638
-10300.0,288,832.621194
-11695.0,288,833.107377
-10440.0,288,834.813935
-9651.0,288,835.307775
-11375.0,288,835.796926
-12305.0,288,836.286419
-12752.0,288,836.764472
-13916.0,288,837.427424
-12251.0,288,837.978622
-12062.0,288,839.713093
-11136.0,288,840.185519
-11837.0,288,840.686907
-11055.0,288,841.168195
-11801.0,288,841.648594
-13594.0,288,842.115059
-10807.0,288,846.025883
-11254.0,288,847.727822
-12279.0,288,848.212065
-11333.0,288,848.680356
-10497.0,288,849.299013
-12194.0,288,849.774518
-11464.0,288,850.259207
-10604.0,288,850.723806
-12324.0,288,852.399901
-13116.0,288,852.905444
-10955.0,288,853.384907
-10850.0,288,853.853288
-11063.0,288,854.467784
-13465.0,288,854.995124
-10778.0,288,855.468025
-11313.0,288,857.125892
-12061.0,288,857.614427
-10476.0,288,861.579276
-9720.0,288,862.066493
-11985.0,288,862.559969
-11227.0,288,863.035002
-13269.0,288,863.522235
-10883.0,288,863.988955
-11891.0,288,865.689595
-9819.0,288,866.319364
-10261.0,288,866.798299
-11369.0,288,867.271917
-10815.0,288,867.761448
-10280.0,288,868.243593
-11777.0,288,868.778683
-12401.0,288,870.505684
-10348.0,288,870.988173
-9698.0,288,871.615682
-10767.0,288,872.093131
-13140.0,288,872.586357
-10916.0,288,876.550821
-10570.0,288,877.036199
-10520.0,288,878.739013
-9904.0,288,879.225478
-9725.0,288,879.705165
-11289.0,288,880.189472
-12336.0,288,880.687222
-11375.0,288,881.171367
-9925.0,288,881.803253
-10706.0,288,883.506092
-11132.0,288,884.013389
-11568.0,288,884.493834
-12976.0,288,884.981895
-11176.0,288,885.474088
-10447.0,288,885.958919
-9428.0,288,886.443712
-10751.0,288,888.269165
-9701.0,288,892.183177
-13219.0,288,892.678291
-11847.0,288,893.151255
-11004.0,288,893.79819
-11309.0,288,894.28727
-10995.0,288,894.772998
-12045.0,288,896.44415
-12546.0,288,896.914611
-11624.0,288,897.378136
-11094.0,288,897.846688
-11191.0,288,898.306412
-13016.0,288,898.933322
-10409.0,288,899.398849
-13152.0,288,901.078472
-11964.0,288,901.547778
-11571.0,288,902.01367
-11211.0,288,902.480907
-12262.0,288,906.416478
-12640.0,288,906.911388
-12050.0,288,907.386165
-11529.0,288,909.039479
-10940.0,288,909.519084
-11564.0,288,910.156966
-11119.0,288,910.625722
-11241.0,288,911.094486
-11730.0,288,911.560642
-12550.0,288,912.049094
-11629.0,288,913.703187
-13965.0,288,914.199516
-11438.0,288,914.660406
-13614.0,288,915.276066
-12027.0,288,915.742555
-11353.0,288,916.22216
-11121.0,288,916.695522
-12918.0,288,917.162438
-10670.0,288,922.273414
-9859.0,288,922.76206
-10504.0,288,923.26818
-11428.0,288,923.754572
-10556.0,288,924.236262
-11637.0,288,924.719113
-10906.0,288,925.214058
-13415.0,288,927.033058
-9440.0,288,927.538901
-12789.0,288,928.020446
-13309.0,288,928.516248
-11930.0,288,928.997409
-13594.0,288,929.495548
-13333.0,288,930.043123
-11430.0,288,931.798895
-10601.0,288,932.429032
-11918.0,288,932.917833
-11332.0,288,936.796022
-12953.0,288,937.279762
-13811.0,288,937.92323
-10339.0,288,938.41008
-12556.0,288,940.072275
-11083.0,288,940.56487
-12263.0,288,941.048365
-11899.0,288,941.521654
-10777.0,288,941.992356
-10619.0,288,942.471837
-10270.0,288,943.110854
-12306.0,288,944.813238
-9881.0,288,945.302531
-12208.0,288,945.783429
-11323.0,288,946.275875
-12115.0,288,946.7665
-10179.0,288,947.262858
-12053.0,288,947.887723
-11341.0,288,952.948212
-12493.0,288,953.430151
-10674.0,288,953.92631
-12613.0,288,954.555817
-10731.0,288,955.038087
-12073.0,288,955.528275
-10788.0,288,956.026124
-11705.0,288,957.745075
-11750.0,288,958.234051
-9864.0,288,958.717801
-11356.0,288,959.19423
-10651.0,288,959.811872
-11307.0,288,960.294405
-11086.0,288,960.780798
-11158.0,288,962.456679
-12214.0,288,962.966732
-11256.0,288,963.451947
-10443.0,288,967.442224
-12113.0,288,967.917456
-11277.0,288,968.40405
-12044.0,288,968.881259
-12535.0,288,970.579711
-11242.0,288,971.081505
-11715.0,288,971.722146
-12026.0,288,972.195944
-10624.0,288,972.676337
-11493.0,288,973.151768
-14748.0,288,973.648118
-12351.0,288,974.125961
-10183.0,288,975.916079
-11663.0,288,976.396588
-12364.0,288,977.026698
-12140.0,288,977.512361
-11414.0,288,978.005831
-12105.0,288,981.980361
-9669.0,288,982.472971
-11597.0,288,984.142593
-11245.0,288,984.634922
-9312.0,288,985.117791
-10322.0,288,985.60186
-10628.0,288,986.082006
-10762.0,288,986.558319
-11519.0,288,987.190497
-11759.0,288,988.868111
-11649.0,288,989.351666
-10467.0,288,989.831917
-13418.0,288,990.32407
-11307.0,288,990.807478
-12794.0,288,991.304462
-11520.0,288,991.786721
-11222.0,288,993.636001
-11265.0,288,994.121739
-12557.0,288,997.967922
-10950.0,288,998.449049
-13308.0,288,999.08298
-12121.0,288,999.567545
-11524.0,288,1000.065212
-10769.0,288,1001.735982
-11759.0,288,1002.223677
-13865.0,288,1002.705159
-11541.0,288,1003.191981
-13785.0,288,1003.682793
-13951.0,288,1004.320623
-11777.0,288,1004.80826
-10565.0,288,1006.513462
-11381.0,288,1007.004155
-10902.0,288,1007.489158
-11472.0,288,1007.970854
-11779.0,288,1008.439404
-13182.0,288,1012.396112
-11528.0,288,1012.872574
-9655.0,288,1014.543833
-13385.0,288,1015.014536
-12864.0,288,1015.502094
-12319.0,288,1016.113617
-9924.0,288,1016.577527
-11679.0,288,1017.044585
-12197.0,288,1017.52446
-10556.0,288,1019.209532
-10184.0,288,1019.691465
-11921.0,288,1020.174105
-11475.0,288,1020.640846
-10430.0,288,1021.265982
-12401.0,288,1021.753205
-11589.0,288,1022.246865
-13048.0,288,1023.903235
-11633.0,288,1027.907366
-12083.0,288,1028.392916
-11438.0,288,1028.88564
-12674.0,288,1029.35723
-10898.0,288,1029.827945
-9952.0,288,1030.311242
-11543.0,288,1030.813262
-12959.0,288,1032.670707
-12723.0,288,1033.165471
-9421.0,288,1033.641846
-13480.0,288,1034.120964
-11936.0,288,1034.593254
-10675.0,288,1035.076243
-11575.0,288,1035.571661
-10833.0,288,1037.231991
-10335.0,288,1037.859838
-11585.0,288,1038.331532
-11162.0,288,1038.807911
-10488.0,288,1042.553267
-10147.0,288,1043.169
-11838.0,288,1043.636934
-12266.0,288,1045.385242
-11607.0,288,1045.87039
-10639.0,288,1046.371376
-12194.0,288,1046.849121
-10463.0,288,1047.315919
-11824.0,288,1047.779477
-11111.0,288,1048.407156
-11734.0,288,1050.080613
-9937.0,288,1050.552012
-11927.0,288,1051.029068
-12045.0,288,1051.492273
-11912.0,288,1051.95791
-10326.0,288,1052.425897
-10631.0,288,1052.911682
-9875.0,288,1058.036841
-11006.0,288,1058.521851
-13234.0,288,1059.025468
-11051.0,288,1059.662147
-12337.0,288,1060.137388
-11079.0,288,1060.613496
-11579.0,288,1061.090683
-12254.0,288,1062.797929
-11098.0,288,1063.271993
-11113.0,288,1063.757996
-10640.0,288,1064.254362
-9322.0,288,1064.883151
-11489.0,288,1065.370413
-9906.0,288,1065.854503
-11799.0,288,1067.539716
-10378.0,288,1068.017176
-12191.0,288,1068.516379
-9383.0,288,1072.40553
-13507.0,288,1072.886274
-11094.0,288,1073.35241
-13934.0,288,1073.827206
-10494.0,288,1075.48538
-11694.0,288,1075.956635
-11302.0,288,1076.571993
-11552.0,288,1077.05219
-12697.0,288,1077.535995
-12653.0,288,1078.018181
-10953.0,288,1078.49672
-12908.0,288,1080.141199
-8860.0,288,1080.626975
-11557.0,288,1081.088929
-12462.0,288,1081.729691
-11717.0,288,1082.21453
-11077.0,288,1082.697481
-12350.0,288,1083.184834
-11476.0,288,1087.146913
-12443.0,288,1088.851426
-10392.0,288,1089.338838
-9875.0,288,1089.822502
-11694.0,288,1090.318704
-10927.0,288,1090.803617
-14165.0,288,1091.301293
-10613.0,288,1091.782327
-10517.0,288,1093.610425
-10669.0,288,1094.103004
-10896.0,288,1094.59938
-11619.0,288,1095.082465
-10800.0,288,1095.552261
-14799.0,288,1096.02797
-11348.0,288,1096.503233
-10896.0,288,1098.217262
-11887.0,288,1098.862481
-12650.0,288,1102.672201
-11362.0,288,1103.153287
-10820.0,288,1103.801289
-10531.0,288,1104.281886
-11117.0,288,1104.780941
-10459.0,288,1106.502732
-13857.0,288,1107.033584
-12581.0,288,1107.542526
-11567.0,288,1108.051361
-10616.0,288,1108.522806
-11525.0,288,1109.1406
-11023.0,288,1109.613635
-10436.0,288,1111.346607
-12548.0,288,1111.850644
-12382.0,288,1112.394388
-11458.0,288,1112.914517
-11638.0,288,1113.435762
-10654.0,288,1113.934566
-11201.0,288,1117.946066
-11112.0,288,1119.680484
-10746.0,288,1120.221478
-9979.0,288,1120.725562
-11157.0,288,1121.403592
-11337.0,288,1121.909299
-10299.0,288,1122.392116
-11150.0,288,1122.972025
-10438.0,288,1124.714618
-10301.0,288,1125.232858
-10069.0,288,1125.736202
-9790.0,288,1126.245184
-10142.0,288,1126.923241
-11206.0,288,1127.474806
-11293.0,288,1128.045191
-10958.0,288,1129.750139
-12688.0,288,1130.328277
-9925.0,288,1134.31443
-10594.0,288,1134.875502
-10611.0,288,1135.433664
-13064.0,288,1135.983562
-9937.0,288,1136.472345
-10446.0,288,1138.191208
-11654.0,288,1138.776528
-10415.0,288,1139.459049
-11987.0,288,1140.064805
-10524.0,288,1140.682311
-10297.0,288,1141.255776
-10196.0,288,1141.80556
-11627.0,288,1142.376521
-10849.0,288,1144.177575
-11197.0,288,1144.769154
-12369.0,288,1145.550865
-12371.0,288,1146.129156
-10378.0,288,1150.060195
-11040.0,288,1150.793025
-11432.0,288,1151.359086
-11729.0,288,1153.177767
-11105.0,288,1153.760753
-10534.0,288,1154.352916
-11266.0,288,1154.964551
-9406.0,288,1155.532407
-10810.0,288,1156.175627
-9574.0,288,1156.937959
-8713.0,288,1158.70654
-9661.0,288,1159.290711
-9468.0,288,1159.861927
-10376.0,288,1160.480911
-10725.0,288,1161.072238
-9975.0,288,1161.627809
-10293.0,288,1162.183705
-8896.0,288,1164.147642
-9452.0,288,1168.09447
-11265.0,288,1168.705455
-11907.0,288,1169.334753
-12240.0,288,1170.102646
-9486.0,288,1170.694995
-10888.0,288,1171.306722
-9561.0,288,1173.178345
-11705.0,288,1173.779217
-12532.0,288,1174.407353
-10374.0,288,1175.028177
-10337.0,288,1175.623412
-9762.0,288,1176.38946
-11958.0,288,1177.014941
-13517.0,288,1178.917788
-10670.0,288,1179.548284
-10920.0,288,1180.139293
-12602.0,288,1180.768276
-10148.0,288,1184.808243
-9337.0,288,1185.362342
-11465.0,288,1185.951042
-10179.0,288,1187.78502
-11489.0,288,1188.396767
-10699.0,288,1188.943548
-9231.0,288,1189.633358
-11329.0,288,1190.163827
-10772.0,288,1190.793129
-10084.0,288,1191.38908
-11723.0,288,1193.219255
-12597.0,288,1193.832524
-10888.0,288,1194.434164
-10682.0,288,1194.964459
-11223.0,288,1195.669539
-11439.0,288,1196.302225
-10595.0,288,1196.91655
-9700.0,288,1202.236348
-11163.0,288,1202.834343
-11134.0,288,1203.444742
-11612.0,288,1204.056024
-12201.0,288,1204.664646
-9067.0,288,1205.226254
-11920.0,288,1205.851642
-10433.0,288,1206.473526
-9749.0,288,1208.399357
-10019.0,288,1208.961237
-10373.0,288,1209.569105
-10261.0,288,1210.110132
-11981.0,288,1210.672859
-9831.0,288,1211.209374
-10575.0,288,1211.780851
-9207.0,288,1213.545849
-8912.0,288,1214.286036
-10343.0,288,1214.842435
-10531.0,288,1218.816317
-10488.0,288,1219.417522
-9762.0,288,1220.182362
-11655.0,288,1220.808109
-10042.0,288,1222.587696
-10681.0,288,1223.179811
-9410.0,288,1223.753338
-11691.0,288,1224.335067
-11032.0,288,1224.875286
-10582.0,288,1225.445893
-9631.0,288,1226.135032
-11188.0,288,1227.972321
-10342.0,288,1228.576511
-11431.0,288,1229.189334
-10212.0,288,1229.833829
-10852.0,288,1230.463087
-12005.0,288,1231.120136
-9250.0,288,1235.228889
-10827.0,288,1237.06972
-10248.0,288,1237.628434
-10490.0,288,1238.244247
-10346.0,288,1238.842769
-9427.0,288,1239.554997
-10487.0,288,1240.168636
-9026.0,288,1240.734467
-10620.0,288,1242.670544
-9958.0,288,1243.294276
-10027.0,288,1243.912759
-10229.0,288,1244.537806
-8996.0,288,1245.153073
-12097.0,288,1245.930452
-10507.0,288,1246.530438
-10648.0,288,1248.357671
-10484.0,288,1248.935215
-8999.0,288,1253.008632
-11061.0,288,1253.625938
-8804.0,288,1254.206683
-13277.0,288,1254.837367
-9690.0,288,1255.421687
-10102.0,288,1257.226264
-10046.0,288,1257.825031
-10012.0,288,1258.396767
-10026.0,288,1259.150375
-10044.0,288,1259.728415
-9725.0,288,1260.316793
-12438.0,288,1260.952294
-11925.0,288,1262.765626
-10292.0,288,1263.360386
-9477.0,288,1263.975651
-10191.0,288,1264.5959
-9056.0,288,1265.338737
-11258.0,288,1265.96305
-12086.0,288,1269.886849
-11552.0,288,1270.642203
-12238.0,288,1272.495137
-10402.0,288,1273.078935
-9939.0,288,1273.674186
-11385.0,288,1274.28756
-9526.0,288,1274.853321
-12026.0,288,1275.482024
-9442.0,288,1276.093819
-10082.0,288,1278.10835
-11128.0,288,1278.736914
-10896.0,288,1279.371454
-11072.0,288,1280.010343
-10710.0,288,1280.636915
-10480.0,288,1281.274499
-10456.0,288,1281.903765
-12745.0,288,1283.732719
-10693.0,288,1287.855044
-13712.0,288,1288.463028
-10561.0,288,1289.083351
-10403.0,288,1289.710589
-9590.0,288,1290.470857
-10397.0,288,1291.113412
-12613.0,288,1292.950171
-9220.0,288,1293.489042
-10219.0,288,1294.04127
-9160.0,288,1294.609126
-10827.0,288,1295.210535
-11735.0,288,1295.82955
-10910.0,288,1296.581131
-10072.0,288,1298.413416
-11057.0,288,1299.019453
-10563.0,288,1299.599175
-9654.0,288,1300.202669
-13386.0,288,1304.274863
-10169.0,288,1304.83012
-8823.0,288,1305.346346
-12413.0,288,1307.168077
-9153.0,288,1307.752818
-9688.0,288,1308.356195
-11301.0,288,1308.981255
-11596.0,288,1309.710568
-9775.0,288,1310.279269
-10085.0,288,1310.8334
-10429.0,288,1312.607145
-12196.0,288,1313.235557
-9919.0,288,1313.776621
-11879.0,288,1314.393699
-11835.0,288,1315.010727
-10480.0,288,1315.729338
-10136.0,288,1316.322986
-10752.0,288,1318.138812
-11152.0,288,1322.099485
-10904.0,288,1322.865639
-11384.0,288,1323.483018
-10500.0,288,1324.134596
-9007.0,288,1324.711956
-10043.0,288,1325.317556
-10896.0,288,1327.18426
-10811.0,288,1327.803468
-9992.0,288,1328.475206
-10407.0,288,1329.220485
-8466.0,288,1329.820332
-11125.0,288,1330.423565
-9714.0,288,1331.009831
-9147.0,288,1331.632246
-10561.0,288,1333.493177
-10245.0,288,1334.097353
-11197.0,288,1334.704826
-10873.0,288,1338.787537
-12571.0,288,1339.419608
-10900.0,288,1340.041598
-12493.0,288,1340.798312
-11510.0,288,1342.664561
-9829.0,288,1343.290969
-11302.0,288,1343.928625
-11260.0,288,1344.543081
-10398.0,288,1345.158886
-11161.0,288,1345.778278
-10514.0,288,1346.377085
-12242.0,288,1348.259571
-11385.0,288,1349.037725
-10463.0,288,1349.64506
-9496.0,288,1350.249196
-9993.0,288,1350.88468
-10761.0,288,1351.500507
-9790.0,288,1352.108775
-11875.0,288,1357.453451
-11668.0,288,1358.086493
-10112.0,288,1358.710481
-12566.0,288,1359.342983
-10149.0,288,1359.921215
-10078.0,288,1360.678342
-8539.0,288,1361.246885
-12233.0,288,1363.08385
-9492.0,288,1363.660902
-9243.0,288,1364.23303
-9597.0,288,1364.811101
-10261.0,288,1365.389371
-10521.0,288,1366.009298
-10285.0,288,1366.770343
-10122.0,288,1368.630363
-13442.0,288,1369.265613
-11116.0,288,1369.882964
-10989.0,288,1373.983341
-12655.0,288,1374.582721
-10515.0,288,1375.235721
-11194.0,288,1375.863407
-9664.0,288,1377.656092
-11089.0,288,1378.274764
-11935.0,288,1378.890869
-9345.0,288,1379.4345
-11063.0,288,1380.164823
-11709.0,288,1380.739341
-8083.0,288,1381.314173
-11320.0,288,1383.171482
-8908.0,288,1383.755158
-10106.0,288,1384.37202
-12924.0,288,1384.986687
-11981.0,288,1385.594949
-10169.0,288,1386.298081
-10302.0,288,1390.260875
-10738.0,288,1392.094661
-10142.0,288,1392.674181
-9397.0,288,1393.371333
-10729.0,288,1393.950466
-8543.0,288,1394.52773
-10616.0,288,1395.145997
-9833.0,288,1395.698295
-11297.0,288,1396.247033
-9697.0,288,1398.039588
-10808.0,288,1398.615557
-10596.0,288,1399.351416
-10074.0,288,1399.913913
-9883.0,288,1400.471005
-9531.0,288,1401.059292
-11302.0,288,1401.667366
-9897.0,288,1403.487181
-9680.0,288,1404.069011
-11009.0,288,1408.150888
-9888.0,288,1408.722067
-11336.0,288,1409.28452
-12472.0,288,1409.887935
-9584.0,288,1410.471644
-11754.0,288,1412.475126
-10547.0,288,1413.127732
-10202.0,288,1413.721746
-10971.0,288,1414.303646
-10373.0,288,1414.850286
-10676.0,288,1415.432886
-10802.0,288,1416.01984
-10360.0,288,1417.94361
-11240.0,288,1418.72392
-11071.0,288,1419.364665
-11624.0,288,1419.946736
-10623.0,288,1420.525023
-12356.0,288,1424.597491
-10139.0,288,1425.229497
-11329.0,288,1427.012156
-11094.0,288,1427.637182
-9447.0,288,1428.203836
-9953.0,288,1428.815977
-10948.0,288,1429.40071
-10182.0,288,1430.142143
-9841.0,288,1430.725521
-9962.0,288,1432.522533
-9726.0,288,1433.119098
-10451.0,288,1433.747645
-9757.0,288,1434.35827
-10428.0,288,1434.968419
-10733.0,288,1435.589443
-9449.0,288,1436.336427
-11597.0,288,1438.154303
-9565.0,288,1442.043168
-9751.0,288,1442.66161
-10918.0,288,1443.401951
-11011.0,288,1443.959044
-11641.0,288,1444.550809
-8900.0,288,1445.127868
-9568.0,288,1447.030045
-10316.0,288,1447.653488
-9395.0,288,1448.238058
-11432.0,288,1448.88872
-10875.0,288,1449.637954
-9221.0,288,1450.20078
-11130.0,288,1450.811022
-10392.0,288,1452.668701
-9908.0,288,1453.274194
-10500.0,288,1453.84875
-9519.0,288,1454.420033
-11279.0,288,1454.996385
-11142.0,288,1459.069777
-10972.0,288,1459.67211
-9882.0,288,1460.253332
-9922.0,288,1462.024253
-10566.0,288,1462.80454
-10269.0,288,1463.437851
-9045.0,288,1464.054448
-9703.0,288,1464.652051
-10193.0,288,1465.242203
-10407.0,288,1465.84547
-9557.0,288,1467.722253
-9177.0,288,1468.335932
-10795.0,288,1469.079172
-10530.0,288,1469.707955
-9530.0,288,1470.295217
-10007.0,288,1470.905543
-10963.0,288,1471.529959
-9996.0,288,1476.898875
-9437.0,288,1477.477951
-9823.0,288,1478.046489
-12344.0,288,1478.665426
-12298.0,288,1479.260568
-10989.0,288,1479.853558
-9412.0,288,1480.442317
-11413.0,288,1482.341904
-10263.0,288,1482.960274
-10769.0,288,1483.5222
-10041.0,288,1484.117082
-12478.0,288,1484.727673
-9121.0,288,1485.301216
-9227.0,288,1485.881124
-10531.0,288,1487.706091
-10767.0,288,1488.476378
-9048.0,288,1489.056256
-9779.0,288,1493.10234
-9937.0,288,1493.832536
-9825.0,288,1494.422836
-9122.0,288,1495.017141
-11591.0,288,1496.869115
-13866.0,288,1497.499121
-8998.0,288,1498.102883
-9484.0,288,1498.677716
-10740.0,288,1499.294264
-12180.0,288,1500.026057
-9605.0,288,1500.600458
-9540.0,288,1502.309156
-10512.0,288,1502.874738
-10822.0,288,1503.411969
-9366.0,288,1503.940433
-9982.0,288,1504.499736
-9654.0,288,1505.059777
-9121.0,288,1505.747867
-10274.0,288,1510.85379
-11168.0,288,1511.482768
-10416.0,288,1512.033175
-9403.0,288,1512.734149
-13039.0,288,1513.343904
-9801.0,288,1513.874253
-9041.0,288,1514.453554
-10458.0,288,1516.297368
-10339.0,288,1516.893054
-13633.0,288,1517.527255
-10720.0,288,1518.119378
-10951.0,288,1518.887645
-9638.0,288,1519.495959
-10622.0,288,1520.097263
-10469.0,288,1520.720856
-10054.0,288,1522.589804
-9743.0,288,1523.148107
-10314.0,288,1527.22001
-7869.0,288,1527.772456
-10071.0,288,1528.355472
-8746.0,288,1528.885148
-10126.0,288,1529.484223
-11298.0,288,1531.340619
-10343.0,288,1532.111857
-11142.0,288,1532.6899
-10002.0,288,1533.300222
-9952.0,288,1533.86439
-10450.0,288,1534.47052
-9975.0,288,1535.015224
-9066.0,288,1536.838989
-11163.0,288,1537.450099
-9890.0,288,1538.239223
-10062.0,288,1538.837316
-10379.0,288,1539.441117
-10935.0,288,1540.074947
-9836.0,288,1544.302116
-10777.0,288,1546.104231
-10927.0,288,1546.684282
-10790.0,288,1547.286899
-11041.0,288,1547.872566
-10734.0,288,1548.441348
-11054.0,288,1549.066896
-9294.0,288,1549.623889
-12260.0,288,1551.592629
-10635.0,288,1552.202875
-8263.0,288,1552.756563
-9673.0,288,1553.379589
-13629.0,288,1554.014852
-9023.0,288,1554.612968
-11741.0,288,1555.23611
-10517.0,288,1557.058131
-8834.0,288,1557.816904
-10585.0,288,1561.763177
-10065.0,288,1562.382772
-10720.0,288,1563.109417
-10250.0,288,1563.662726
-9472.0,288,1564.232528
-12107.0,288,1566.013067
-9664.0,288,1566.601325
-10114.0,288,1567.194303
-12087.0,288,1567.804419
-9138.0,288,1568.367063
-12233.0,288,1569.138148
-10358.0,288,1569.759651
-10005.0,288,1571.576487
-10601.0,288,1572.198205
-8313.0,288,1572.773257
-12264.0,288,1573.396245
-13983.0,288,1574.007216
-10727.0,288,1578.110518
-10422.0,288,1578.724871
-10632.0,288,1580.578939
-9639.0,288,1581.167292
-10703.0,288,1581.772123
-10167.0,288,1582.551009
-9695.0,288,1583.103943
-11420.0,288,1583.7101
-10564.0,288,1584.333638
-9814.0,288,1584.94361
-9481.0,288,1586.707416
-10798.0,288,1587.309208
-9352.0,288,1587.865021
-11201.0,288,1588.617416
-11661.0,288,1589.206409
-9616.0,288,1589.82144
-10487.0,288,1590.408583
-10887.0,288,1592.228494
-10480.0,288,1596.309111
-11954.0,288,1596.918809
-10453.0,288,1597.492004
-9522.0,288,1598.057154
-9876.0,288,1598.598897
-12170.0,288,1599.206589
-9383.0,288,1600.936046
-9234.0,288,1601.648165
-9315.0,288,1602.23195
-11287.0,288,1602.809421
-10961.0,288,1603.385582
-12201.0,288,1604.00209
-9955.0,288,1604.54327
-9866.0,288,1606.398827
-9374.0,288,1607.0018
-10030.0,288,1607.734424
-9190.0,288,1608.324099
-11420.0,288,1612.184885
-10196.0,288,1612.766441
-12165.0,288,1613.537766
-10196.0,288,1615.334403
-8995.0,288,1615.897385
-11124.0,288,1616.514488
-9531.0,288,1617.092896
-10750.0,288,1617.665742
-10263.0,288,1618.283394
-9898.0,288,1618.846274
-10790.0,288,1620.842476
-9254.0,288,1621.461317
-12543.0,288,1622.078457
-9788.0,288,1622.663872
-10031.0,288,1623.252819
-8976.0,288,1623.840106
-9659.0,288,1624.412591
-10594.0,288,1629.761184
-10545.0,288,1630.361248
-11246.0,288,1630.963209
-11117.0,288,1631.581002
-10160.0,288,1632.21517
-9839.0,288,1632.963476
-9328.0,288,1633.556261
-11028.0,288,1635.395737
-11004.0,288,1635.93818
-11479.0,288,1636.52914
-11302.0,288,1637.127141
-10931.0,288,1637.72363
-11577.0,288,1638.270513
-9574.0,288,1638.95444
-12232.0,288,1640.725203
-10498.0,288,1641.287482
-10191.0,288,1641.83889
-10771.0,288,1642.387184
-11676.0,288,1646.494321
-11207.0,288,1647.109181
-9260.0,288,1647.671714
-10296.0,288,1648.253355
-8967.0,288,1650.019766
-9405.0,288,1650.625179
-11543.0,288,1651.387855
-10282.0,288,1651.985446
-10883.0,288,1652.610583
-10281.0,288,1653.22785
-10135.0,288,1653.845398
-9857.0,288,1655.659743
-8523.0,288,1656.217879
-9686.0,288,1656.81431
-9854.0,288,1657.538102
-9602.0,288,1658.153026
-10971.0,288,1658.73703
-10335.0,288,1662.644574
-11275.0,288,1664.619332
-12689.0,288,1665.243189
-10397.0,288,1665.861508
-10430.0,288,1666.470213
-10479.0,288,1667.086818
-12712.0,288,1667.700142
-9866.0,288,1668.294186
-11046.0,288,1670.135772
-11057.0,288,1670.907047
-10636.0,288,1671.527589
-11857.0,288,1672.139846
-13397.0,288,1672.776762
-11851.0,288,1673.391319
-10847.0,288,1674.005358
-9643.0,288,1675.813199
-10067.0,288,1676.419001
-9376.0,288,1680.452403
-9839.0,288,1681.056317
-10491.0,288,1681.665398
-9404.0,288,1682.232111
-11661.0,288,1682.962968
-9777.0,288,1684.715884
-8192.0,288,1685.285071
-10286.0,288,1685.891618
-10282.0,288,1686.499012
-10734.0,288,1687.079406
-10447.0,288,1687.63469
-10583.0,288,1688.238297
-10251.0,288,1690.221554
-9398.0,288,1690.764633
-12257.0,288,1691.392918
-9668.0,288,1691.963856
-10186.0,288,1692.567008
-8327.0,288,1693.127224
-10965.0,288,1697.134362
-11523.0,288,1698.933621
-9701.0,288,1699.532015
-11406.0,288,1700.125274
-9308.0,288,1700.727
-9545.0,288,1701.259875
-8512.0,288,1701.989129
-10409.0,288,1702.59868
-10555.0,288,1704.40359
-11666.0,288,1705.029541
-10023.0,288,1705.63361
-10207.0,288,1706.250557
-13128.0,288,1706.858151
-9499.0,288,1707.51993
-10415.0,288,1708.256634
-11840.0,288,1708.885088
-11649.0,288,1710.74072
-10944.0,288,1714.862626
-12471.0,288,1715.495335
-9342.0,288,1716.072114
-10754.0,288,1716.680972
-10227.0,288,1717.297256
-10573.0,288,1717.895434
-11012.0,288,1719.752124
-10308.0,288,1720.326185
-9588.0,288,1721.099295
-9718.0,288,1721.654031
-10554.0,288,1722.241177
-11050.0,288,1722.843614
-10859.0,288,1723.4674
-10289.0,288,1725.295087
-10206.0,288,1725.852937
-12156.0,288,1726.450687
-8339.0,288,1727.00619
-10174.0,288,1727.770941
-10117.0,288,1731.757481
-11380.0,288,1732.346701
-9843.0,288,1734.329414
-9870.0,288,1734.887324
-9486.0,288,1735.451442
-13278.0,288,1736.062762
-12731.0,288,1736.668899
-10326.0,288,1737.248702
-11921.0,288,1737.868546
-10350.0,288,1739.704921
-9611.0,288,1740.426066
-10708.0,288,1741.0178
-11625.0,288,1741.609894
-10119.0,288,1742.160343
-9315.0,288,1742.761611
-9734.0,288,1743.284919
-9641.0,288,1745.036752
-10767.0,288,1749.129567
-9703.0,288,1749.75382
-9135.0,288,1750.333402
-9727.0,288,1750.876268
-11068.0,288,1751.462126
-8835.0,288,1752.186396
-9766.0,288,1753.960325
-10201.0,288,1754.529254
-8839.0,288,1755.125166
-10395.0,288,1755.708649
-12078.0,288,1756.297168
-9059.0,288,1756.851215
-11083.0,288,1757.425873
-10373.0,288,1759.434766
-8398.0,288,1759.97899
-8789.0,288,1760.608217
-9679.0,288,1761.206099
-9384.0,288,1765.276247
-10847.0,288,1765.84411
-9426.0,288,1766.438338
-9289.0,288,1768.212763
-10165.0,288,1768.839253
-10683.0,288,1769.470503
-10062.0,288,1770.078658
-9500.0,288,1770.68503
-10866.0,288,1771.422094
-10447.0,288,1771.991091
-10618.0,288,1772.582002
-10177.0,288,1774.43351
-8547.0,288,1774.997401
-10003.0,288,1775.579865
-9063.0,288,1776.181223
-9710.0,288,1776.790972
-9535.0,288,1777.541712
-11371.0,288,1778.150712
-11267.0,288,1783.332302
-10923.0,288,1783.895581
-12098.0,288,1784.649138
-12233.0,288,1785.265565
-9524.0,288,1785.872659
-10829.0,288,1786.497053
-9521.0,288,1787.094031
-10932.0,288,1788.935946
-10399.0,288,1789.544675
-8433.0,288,1790.082427
-11937.0,288,1790.808446
-10285.0,288,1791.435468
-11324.0,288,1792.063259
-11017.0,288,1792.710356
-12057.0,288,1794.548767
-11915.0,288,1795.154034
-11850.0,288,1795.785797
-10522.0,288,1799.861032
-8988.0,288,1800.406799
-10577.0,288,1800.992816
-10635.0,288,1801.547386
-11783.0,288,1803.558389
-10733.0,288,1804.130135
-9520.0,288,1804.739137
-11228.0,288,1805.361298
-9969.0,288,1805.933688
-9941.0,288,1806.515611
-12495.0,288,1807.146369
-9464.0,288,1808.953647
-9574.0,288,1809.689109
-10296.0,288,1810.264894
-10546.0,288,1810.869056
-9205.0,288,1811.497056
-10319.0,288,1812.102955
-10083.0,288,1816.178302
-10787.0,288,1817.967942
-10121.0,288,1818.574757
-10703.0,288,1819.202036
-9571.0,288,1819.820526
-9843.0,288,1820.411252
-11329.0,288,1821.037305
-9381.0,288,1821.803885
-9241.0,288,1823.58403
-10737.0,288,1824.146971
-9138.0,288,1824.739729
-9645.0,288,1825.303964
-9833.0,288,1825.846694
-9963.0,288,1826.435073
-10708.0,288,1827.021879
-9835.0,288,1828.935957
-11102.0,288,1829.543319
-10472.0,288,1830.152374
-11185.0,288,1834.191996
-9627.0,288,1834.951491
-10649.0,288,1835.549441
-10684.0,288,1836.156947
-10700.0,288,1836.776175
-10662.0,288,1838.512154
-9598.0,288,1839.049786
-11125.0,288,1839.608576
-10610.0,288,1840.197775
-10241.0,288,1840.881225
-12415.0,288,1841.471654
-8969.0,288,1842.045874
-11786.0,288,1843.952125
-11115.0,288,1844.545241
-9941.0,288,1845.103425
-10403.0,288,1845.662313
-10351.0,288,1846.18258
-10713.0,288,1850.278762
-10225.0,288,1850.816528
-9657.0,288,1852.603731
-9722.0,288,1853.154583
-9743.0,288,1853.876324
-11810.0,288,1854.455283
-10565.0,288,1855.037198
-10584.0,288,1855.643777
-7746.0,288,1856.205104
-11332.0,288,1858.039942
-11554.0,288,1858.617402
-10357.0,288,1859.190669
-9994.0,288,1859.948368
-11370.0,288,1860.5154
-12080.0,288,1861.085427
-11309.0,288,1861.719026
-8930.0,288,1863.511701
-10651.0,288,1867.581943
-12777.0,288,1868.176827
-10346.0,288,1868.756972
-10270.0,288,1869.305399
-11022.0,288,1869.916628
-10561.0,288,1870.48815
-10776.0,288,1872.427067
-10308.0,288,1872.999081
-9747.0,288,1873.531552
-9801.0,288,1874.100693
-11650.0,288,1874.666952
-9766.0,288,1875.208015
-9117.0,288,1875.735503
-10263.0,288,1877.613602
-11926.0,288,1878.22647
-10787.0,288,1878.945961
-9758.0,288,1879.478924
-9816.0,288,1880.049673
-9596.0,288,1884.121076
-11055.0,288,1884.703184
-9793.0,288,1886.503003
-10213.0,288,1887.068359
-10594.0,288,1887.6311
-9359.0,288,1888.143028
-8206.0,288,1888.691112
-10140.0,288,1889.256349
-10868.0,288,1889.985431
-9940.0,288,1891.784742
-9299.0,288,1892.330099
-9293.0,288,1892.924275
-9904.0,288,1893.520249
-9724.0,288,1894.07087
-10568.0,288,1894.676995
-10300.0,288,1895.307621
-10773.0,288,1896.058845
-10007.0,288,1901.283497
-10878.0,288,1901.881397
-9393.0,288,1902.444188
-10874.0,288,1903.147895
-9411.0,288,1903.711851
-10299.0,288,1904.268866
-10987.0,288,1904.86188
-9426.0,288,1906.693265
-10390.0,288,1907.2588
-9082.0,288,1907.799446
-10486.0,288,1908.40808
-11367.0,288,1909.165097
-9433.0,288,1909.735596
-9722.0,288,1910.340534
-10817.0,288,1912.145371
-9417.0,288,1912.719249
-8877.0,288,1913.256895
-10738.0,288,1917.3781
-9232.0,288,1918.001124
-10932.0,288,1918.63016
-9962.0,288,1919.263063
-9320.0,288,1921.061232
-9589.0,288,1921.638754
-10760.0,288,1922.368138
-9677.0,288,1922.921934
-11504.0,288,1923.504118
-11137.0,288,1924.106117
-9870.0,288,1924.682451
-9184.0,288,1926.534697
-9422.0,288,1927.098694
-9004.0,288,1927.653587
-10359.0,288,1928.389427
-10627.0,288,1928.967302
-11485.0,288,1929.581792
-10172.0,288,1930.212042
-9431.0,288,1935.271809
-12117.0,288,1935.87298
-9228.0,288,1936.49493
-8967.0,288,1937.08541
-9390.0,288,1937.662627
-8978.0,288,1938.229736
-10710.0,288,1938.826981
-9790.0,288,1940.755564
-9617.0,288,1941.360592
-9814.0,288,1941.935709
-9222.0,288,1942.545966
-9150.0,288,1943.149392
-10821.0,288,1943.7636
-10938.0,288,1944.353455
-8407.0,288,1946.192083
-9322.0,288,1946.901208
-8990.0,288,1947.51392
-10210.0,288,1951.469452
-9515.0,288,1952.081207
-9436.0,288,1952.821916
-10336.0,288,1953.430958
-10367.0,288,1955.260105
-8540.0,288,1955.830444
-11133.0,288,1956.461731
-10020.0,288,1957.096316
-9350.0,288,1957.694818
-11378.0,288,1958.319438
-9502.0,288,1959.104863
-10263.0,288,1959.718732
-11265.0,288,1961.570893
-10222.0,288,1962.167797
-10450.0,288,1962.762188
-8786.0,288,1963.369546
-10381.0,288,1963.957482
-9712.0,288,1964.571977
-8953.0,288,1968.438864
-10156.0,288,1970.267273
-11609.0,288,1970.900355
-10901.0,288,1971.532522
-8590.0,288,1972.314091
-9334.0,288,1972.931153
-9827.0,288,1973.549268
-8821.0,288,1974.166109
-8844.0,288,1975.948949
-11378.0,288,1976.579161
-10625.0,288,1977.214581
-12266.0,288,1977.840421
-10958.0,288,1978.606567
-10048.0,288,1979.200456
-10852.0,288,1979.807884
-9488.0,288,1981.622962
-10780.0,288,1982.233243
-11571.0,288,1986.269812
-9349.0,288,1986.876929
-9404.0,288,1987.483358
-8516.0,288,1988.070531
-9050.0,288,1988.636698
-10938.0,288,1990.508641
-9237.0,288,1991.27167
-10824.0,288,1991.905421
-9297.0,288,1992.495594
-9449.0,288,1993.062147
-8822.0,288,1993.649756
-9055.0,288,1994.276337
-9791.0,288,1996.07048
-9119.0,288,1996.660247
-9780.0,288,1997.417209
-9563.0,288,1998.008194
-10837.0,288,1998.632342
-9968.0,288,2002.495103
-9708.0,288,2003.286064
-10820.0,288,2005.168864
-10582.0,288,2005.806584
-12157.0,288,2006.441363
-9533.0,288,2007.066931
-8282.0,288,2007.651206
-7953.0,288,2008.231097
-9009.0,288,2008.83378
-9510.0,288,2010.780201
-8670.0,288,2011.385573
-10835.0,288,2012.005969
-10032.0,288,2012.613662
-11667.0,288,2013.234534
-9616.0,288,2013.839356
-8322.0,288,2014.397664
-11248.0,288,2016.23231
-9856.0,288,2016.952049
-9414.0,288,2020.562757
-10084.0,288,2021.162033
-11315.0,288,2021.778844
-9283.0,288,2022.536891
-8853.0,288,2023.127366
-10772.0,288,2023.739459
-9008.0,288,2025.555156
-8142.0,288,2026.114186
-9623.0,288,2026.687871
-8097.0,288,2027.258367
-10348.0,288,2027.865289
-10385.0,288,2028.640404
-8876.0,288,2029.215098
-8872.0,288,2031.0247
-9749.0,288,2031.655571
-11495.0,288,2032.294295
-9904.0,288,2032.898907
-9728.0,288,2037.052261
-9563.0,288,2037.685589
-9447.0,288,2038.319623
-10918.0,288,2040.142911
-8559.0,288,2040.740278
-8357.0,288,2041.321732
-8428.0,288,2042.041372
-9973.0,288,2042.668956
-7943.0,288,2043.231641
-9275.0,288,2043.859268
-11514.0,288,2045.705444
-10188.0,288,2046.311772
-9139.0,288,2046.94434
-8656.0,288,2047.535681
-11533.0,288,2048.308841
-9918.0,288,2048.902855
-10735.0,288,2049.516401
-8891.0,288,2054.689467
-7606.0,288,2055.370475
-8864.0,288,2055.973922
-10386.0,288,2056.587385
-8670.0,288,2057.13921
-10000.0,288,2057.751627
-8521.0,288,2058.323237
-10074.0,288,2060.174412
-12023.0,288,2060.807922
-9067.0,288,2061.593433
-9773.0,288,2062.221017
-9874.0,288,2062.843247
-9403.0,288,2063.431427
-8992.0,288,2064.009083
-10763.0,288,2065.856138
-10994.0,288,2066.493031
-9973.0,288,2067.127452
-9316.0,288,2067.895433
-10292.0,288,2071.880483
-8001.0,288,2072.471509
-9741.0,288,2073.070799
-10427.0,288,2075.105036
-11713.0,288,2075.744504
-9240.0,288,2076.374746
-10614.0,288,2076.972543
-11284.0,288,2077.578288
-10537.0,288,2078.198759
-10763.0,288,2078.832709
-11810.0,288,2080.68832
-9711.0,288,2081.423462
-9049.0,288,2082.018295
-8308.0,288,2082.605041
-8401.0,288,2083.182573
-9836.0,288,2083.780482
-10079.0,288,2084.396343
-8026.0,288,2088.432561
-8850.0,288,2090.218866
-9108.0,288,2090.814341
-9380.0,288,2091.436085
-10995.0,288,2092.070637
-10503.0,288,2092.913684
-9065.0,288,2093.524747
-10050.0,288,2094.177862
-10086.0,288,2096.022118
-9257.0,288,2096.609169
-10679.0,288,2097.224221
-9500.0,288,2097.85326
-9712.0,288,2098.46922
-10185.0,288,2099.104665
-11286.0,288,2099.89102
-9002.0,288,2101.680868
-8969.0,288,2102.290991
-9303.0,288,2106.092648
-10340.0,288,2106.730395
-9112.0,288,2107.335596
-11514.0,288,2107.963114
-8873.0,288,2108.571737
-9858.0,288,2110.395904
-8839.0,288,2111.027236
-10452.0,288,2111.626635
-10236.0,288,2112.405209
-10122.0,288,2113.03972
-9731.0,288,2113.628237
-8915.0,288,2114.209581
-9671.0,288,2116.048537
-10638.0,288,2116.6796
-10853.0,288,2117.304044
-12033.0,288,2117.93067
-9140.0,288,2118.665886
-10856.0,288,2119.261785
-9330.0,288,2123.174765
-11194.0,288,2125.030541
-9923.0,288,2125.811123
-8900.0,288,2126.453553
-10103.0,288,2127.049009
-9118.0,288,2127.656166
-8212.0,288,2128.268589
-10572.0,288,2128.890155
-10415.0,288,2130.719323
-8710.0,288,2131.322641
-9664.0,288,2132.033761
-9861.0,288,2132.628287
-10027.0,288,2133.282998
-9789.0,288,2133.903417
-10262.0,288,2134.532044
-7866.0,288,2136.35241
-9700.0,288,2136.991891
-9161.0,288,2141.081193
-9143.0,288,2141.720528
-8744.0,288,2142.28664
-8565.0,288,2142.908544
-9478.0,288,2143.537842
-9730.0,288,2145.475672
-8551.0,288,2146.090483
-8253.0,288,2146.683742
-9786.0,288,2147.263617
-8482.0,288,2147.844639
-9786.0,288,2148.487333
-9858.0,288,2149.107534
-9721.0,288,2149.703705
-9150.0,288,2151.670924
-9355.0,288,2152.242767
-9956.0,288,2152.876808
-8650.0,288,2153.48585
-8753.0,288,2154.10129
-8767.0,288,2158.04061
-8947.0,288,2158.627472
-9257.0,288,2160.471458
-8778.0,288,2161.093858
-9395.0,288,2161.751302
-12122.0,288,2162.381454
-11014.0,288,2163.004331
-8134.0,288,2163.762465
-10491.0,288,2164.397555
-12643.0,288,2166.249261
-9010.0,288,2166.853071
-10450.0,288,2167.481331
-10841.0,288,2168.063191
-11309.0,288,2168.68472
-9828.0,288,2169.315812
-8563.0,288,2170.035649
-10807.0,288,2171.901039
-9641.0,288,2175.90057
-13507.0,288,2176.68508
-8713.0,288,2177.279611
-8603.0,288,2177.888284
-11624.0,288,2178.538413
-8652.0,288,2179.139012
-8951.0,288,2180.919197
-11489.0,288,2181.567975
-8067.0,288,2182.191993
-9971.0,288,2182.823281
-10448.0,288,2183.614642
-8887.0,288,2184.233186
-9002.0,288,2184.860317
-11437.0,288,2186.714603
-10509.0,288,2187.355443
-9421.0,288,2188.004913
-9869.0,288,2188.584909
-12423.0,288,2192.722895
-10254.0,288,2193.355769
-9057.0,288,2194.027524
-11083.0,288,2195.892192
-10645.0,288,2196.524987
-12487.0,288,2197.316841
-7975.0,288,2197.912544
-11003.0,288,2198.531111
-11427.0,288,2199.187256
-8445.0,288,2199.782766
-10175.0,288,2201.664939
-9782.0,288,2202.300253
-9543.0,288,2202.898539
-9944.0,288,2203.684057
-9301.0,288,2204.297282
-9881.0,288,2204.931185
-9702.0,288,2205.553943
-9405.0,288,2207.407624
-10105.0,288,2211.507666
-9327.0,288,2212.150839
-10996.0,288,2212.793993
-9519.0,288,2213.433213
-9295.0,288,2214.056651
-8130.0,288,2214.675461
-10149.0,288,2215.30592
-10206.0,288,2217.32414
-8701.0,288,2217.944454
-10007.0,288,2218.556695
-11708.0,288,2219.210472
-10045.0,288,2219.835587
-9062.0,288,2220.443772
-10177.0,288,2221.071684
-9472.0,288,2222.89193
-9499.0,288,2223.657864
-10404.0,288,2224.28877
-9319.0,288,2228.23515
-9263.0,288,2228.854077
-9330.0,288,2229.616784
-9415.0,288,2230.213506
-9064.0,288,2232.09006
-10558.0,288,2232.712337
-10713.0,288,2233.319092
-10405.0,288,2233.978719
-8740.0,288,2234.623207
-11449.0,288,2235.26282
-9834.0,288,2236.035895
-8979.0,288,2237.895885
-9510.0,288,2238.48312
-9420.0,288,2239.075274
-10700.0,288,2239.682098
-9438.0,288,2240.298477
-9070.0,288,2240.907087
-9189.0,288,2244.914489
-11094.0,288,2246.77107
-9806.0,288,2247.401283
-9508.0,288,2248.006698
-10515.0,288,2248.790508
-9832.0,288,2249.406319
-9522.0,288,2250.029004
-8562.0,288,2250.637218
-9980.0,288,2252.463121
-10872.0,288,2253.083084
-8149.0,288,2253.634167
-8104.0,288,2254.207259
-9505.0,288,2254.780996
-9589.0,288,2255.500319
-9159.0,288,2256.097932
-10550.0,288,2257.957802
-8893.0,288,2258.570188
-8889.0,288,2259.196348
-9450.0,288,2263.260599
-8931.0,288,2263.879849
-9658.0,288,2264.495471
-11110.0,288,2265.11909
-9019.0,288,2266.9702
-8916.0,288,2267.596894
-10298.0,288,2268.347965
-10090.0,288,2268.952285
-9540.0,288,2269.552118
-9395.0,288,2270.162765
-9228.0,288,2270.744675
-8409.0,288,2272.55685
-9646.0,288,2273.18516
-10043.0,288,2273.82818
-11071.0,288,2274.449269
-8211.0,288,2275.185588
-9957.0,288,2275.79149
-9574.0,288,2279.795199
-8961.0,288,2280.567297
-10905.0,288,2282.384097
-10163.0,288,2283.039116
-10137.0,288,2283.66685
-12137.0,288,2284.295058
-10574.0,288,2284.925084
-11138.0,288,2285.544489
-9715.0,288,2286.170254
-9523.0,288,2288.223011
-10509.0,288,2288.85754
-9596.0,288,2289.480469
-8892.0,288,2290.099663
-8918.0,288,2290.701489
-9212.0,288,2291.327307
-8576.0,288,2291.944772
-10360.0,288,2293.790338
-9519.0,288,2297.916479
-10014.0,288,2298.569369
-10176.0,288,2299.197086
-10629.0,288,2299.839373
-8369.0,288,2300.578827
-9529.0,288,2301.209467
-8344.0,288,2303.120038
-11556.0,288,2303.747813
-9525.0,288,2304.311579
-9139.0,288,2304.914302
-7662.0,288,2305.47489
-10661.0,288,2306.088158
-9792.0,288,2306.858934
-9262.0,288,2308.707437
-9465.0,288,2309.31171
-9829.0,288,2309.931559
-9766.0,288,2310.569355
-11288.0,288,2311.20557
-9802.0,288,2315.31703
-8434.0,288,2315.935839
-11833.0,288,2317.79327
-12098.0,288,2318.437682
-10070.0,288,2319.067624
-10962.0,288,2319.65225
-9610.0,288,2320.440022
-10278.0,288,2321.03062
-10356.0,288,2321.659004
-8999.0,288,2323.435878
-8143.0,288,2324.037108
-9302.0,288,2324.676924
-10210.0,288,2325.30244
-10693.0,288,2325.933991
-8384.0,288,2326.541742
-10670.0,288,2327.339082
-8817.0,288,2329.212311
-9850.0,288,2333.185524
-10454.0,288,2333.966708
-8324.0,288,2334.564274
-9647.0,288,2335.18708
-12292.0,288,2335.832966
-7890.0,288,2336.402541
-10414.0,288,2338.262346
-9386.0,288,2338.882062
-11184.0,288,2339.507219
-9125.0,288,2340.232189
-10097.0,288,2340.861622
-9244.0,288,2341.456525
-8964.0,288,2342.069235
-9701.0,288,2342.69197
-8175.0,288,2344.507565
-11339.0,288,2345.144825
-11289.0,288,2345.771377
-10407.0,288,2346.403225
-8275.0,288,2350.506877
-10723.0,288,2351.12686
-9560.0,288,2351.756267
-8554.0,288,2353.725654
-8702.0,288,2354.346257
-8818.0,288,2354.969723
-9905.0,288,2355.609154
-8174.0,288,2356.163413
-9357.0,288,2356.7899
-9837.0,288,2357.426881
-9298.0,288,2359.274116
-9314.0,288,2360.013077
-8439.0,288,2360.582149
-8709.0,288,2361.153714
-9756.0,288,2361.801672
-8842.0,288,2362.427837
-10297.0,288,2363.058867
-11446.0,288,2368.34146
-9168.0,288,2368.973166
-11712.0,288,2369.607411
-8626.0,288,2370.239886
-9897.0,288,2370.885467
-9014.0,288,2371.486452
-9870.0,288,2372.230405
-11433.0,288,2374.067636
-10118.0,288,2374.687713
-10113.0,288,2375.308497
-8271.0,288,2375.905951
-9438.0,288,2376.53243
-10682.0,288,2377.16522
-8623.0,288,2377.806996
-9237.0,288,2379.795091
-9623.0,288,2380.422621
-10367.0,288,2381.060294
-8975.0,288,2385.075809
-8883.0,288,2385.812945
-10136.0,288,2386.446694
-9175.0,288,2387.068644
-10812.0,288,2388.955113
-9982.0,288,2389.567005
-9159.0,288,2390.161897
-9882.0,288,2390.803519
-9441.0,288,2391.395846
-10105.0,288,2392.148803
-10311.0,288,2392.791358
-9098.0,288,2394.639012
-8947.0,288,2395.249363
-9183.0,288,2395.873291
-11272.0,288,2396.502843
-9238.0,288,2397.100665
-7770.0,288,2397.70224
-10523.0,288,2398.477983
-9004.0,288,2403.615822
-11338.0,288,2404.218922
-8841.0,288,2404.803382
-8964.0,288,2405.562752
-10471.0,288,2406.202899
-8978.0,288,2406.83548
-8510.0,288,2407.403646
-9376.0,288,2408.013327
-8687.0,288,2409.817307
-10027.0,288,2410.412423
-9700.0,288,2411.043738
-10303.0,288,2411.810586
-10617.0,288,2412.443243
-8382.0,288,2413.063115
-8475.0,288,2413.666537
-9086.0,288,2415.488414
-10014.0,288,2416.105226
-11084.0,288,2420.340398
-9570.0,288,2421.014842
-9046.0,288,2421.707624
-9222.0,288,2422.339324
-7274.0,288,2422.94665
-8979.0,288,2424.93377
-9130.0,288,2425.883255
-9231.0,288,2426.877459
-10013.0,288,2427.715531
-9091.0,288,2428.32717
-9012.0,288,2428.956096
-11252.0,288,2429.609566
-7560.0,288,2431.548707
-9671.0,288,2432.140227
-9024.0,288,2432.915864
-10080.0,288,2433.607413
-8784.0,288,2434.304406
-9796.0,288,2438.249307
-11128.0,288,2439.034528
-10941.0,288,2440.892745
-9385.0,288,2441.547035
-12144.0,288,2442.194172
-11496.0,288,2442.831545
-12168.0,288,2443.470537
-10572.0,288,2444.113111
-8423.0,288,2444.730516
-9504.0,288,2446.698819
-8348.0,288,2447.285264
-9403.0,288,2447.884905
-10184.0,288,2448.523392
-9280.0,288,2449.139021
-9864.0,288,2449.769178
-8895.0,288,2450.386165
-9255.0,288,2452.183607
-10755.0,288,2452.973691
-9196.0,288,2456.84463
-8520.0,288,2457.45356
-9622.0,288,2458.077075
-11074.0,288,2458.85955
-9490.0,288,2459.489758
-9352.0,288,2461.264737
-9122.0,288,2461.886497
-10311.0,288,2462.512093
-10406.0,288,2463.140958
-7163.0,288,2463.731352
-11468.0,288,2464.376085
-9558.0,288,2465.151469
-8842.0,288,2466.93831
-10214.0,288,2467.564979
-10257.0,288,2468.206464
-8509.0,288,2468.835289
-10376.0,288,2469.46406
-8053.0,288,2473.601108
-9379.0,288,2474.217202
-9327.0,288,2474.812118
-10666.0,288,2476.603211
-8645.0,288,2477.208678
-7908.0,288,2477.757538
-10614.0,288,2478.507872
-9192.0,288,2479.101484
-11029.0,288,2479.719559
-9665.0,288,2480.33931
-9834.0,288,2482.187961
-8187.0,288,2482.803652
-8121.0,288,2483.386085
-9101.0,288,2483.982262
-11141.0,288,2484.74106
-11043.0,288,2485.36331
-9407.0,288,2485.944188
-8762.0,288,2491.00281
-10382.0,288,2491.764832
-8853.0,288,2492.401978
-10173.0,288,2493.015798
-11911.0,288,2493.645211
-10096.0,288,2494.282953
-9854.0,288,2494.926831
-10262.0,288,2496.782568
-11251.0,288,2497.422527
-9036.0,288,2498.194457
-9547.0,288,2498.842663
-8537.0,288,2499.465836
-9922.0,288,2500.094917
-8837.0,288,2500.689044
-8814.0,288,2502.472137
-10224.0,288,2503.113134
-9185.0,288,2503.714303
-9171.0,288,2504.47369
-10443.0,288,2508.459878
-9934.0,288,2509.077527
-11912.0,288,2509.727718
-9702.0,288,2511.707608
-8851.0,288,2512.339368
-9557.0,288,2512.94058
-10447.0,288,2513.570577
-9944.0,288,2514.20033
-9453.0,288,2514.820645
-8521.0,288,2515.409651
-9485.0,288,2517.303831
-9097.0,288,2518.071101
-10842.0,288,2518.733219
-8838.0,288,2519.341297
-7884.0,288,2519.943976
-10518.0,288,2520.572571
-9577.0,288,2521.216769
-10324.0,288,2526.520938
-10360.0,288,2527.135054
-9867.0,288,2527.773813
-7930.0,288,2528.366145
-9422.0,288,2528.990082
-9552.0,288,2529.631207
-10415.0,288,2530.419535
-10420.0,288,2532.381274
-8939.0,288,2533.015913
-9864.0,288,2533.641468
-10653.0,288,2534.287007
-8380.0,288,2534.864363
-9332.0,288,2535.473093
-8470.0,288,2536.063905
-11139.0,288,2536.827285
-9510.0,288,2538.632385
-10789.0,288,2539.270906
-10057.0,288,2543.238306
-7891.0,288,2543.978478
-10380.0,288,2544.610242
-11141.0,288,2545.368798
-9897.0,288,2545.994942
-9184.0,288,2547.872331
-11210.0,288,2548.50211
-10835.0,288,2549.141126
-9112.0,288,2549.780593
-10629.0,288,2550.550282
-9605.0,288,2551.150099
-10504.0,288,2551.770584
-10714.0,288,2553.605476
-8255.0,288,2554.189815
-8732.0,288,2554.761229
-10007.0,288,2555.383125
-10026.0,288,2556.00449
-10571.0,288,2556.768866
-7922.0,288,2560.646885
-11187.0,288,2562.460059
-11238.0,288,2563.094827
-9182.0,288,2563.861355
-10382.0,288,2564.467725
-10233.0,288,2565.112228
-10407.0,288,2565.73578
-11055.0,288,2566.365977
-8298.0,288,2568.205236
-8462.0,288,2568.793007
-9176.0,288,2569.400813
-10100.0,288,2570.171754
-9792.0,288,2570.797371
-9435.0,288,2571.41002
-9788.0,288,2572.010895
-9463.0,288,2573.815209
-11318.0,288,2574.455793
-10169.0,288,2578.600196
-9781.0,288,2579.23776
-9499.0,288,2579.866409
-8962.0,288,2580.505836
-10290.0,288,2581.132818
-9051.0,288,2582.932667
-9089.0,288,2583.668802
-9522.0,288,2584.265376
-9296.0,288,2584.908082
-8823.0,288,2585.474118
-12200.0,288,2586.098469
-8886.0,288,2586.681781
-9337.0,288,2588.497102
-10797.0,288,2589.11658
-9078.0,288,2589.859375
-11726.0,288,2590.492556
-10375.0,288,2591.109692
-9443.0,288,2591.748953
-9597.0,288,2595.827048
-8757.0,288,2597.609014
-9592.0,288,2598.222739
-9646.0,288,2598.833542
-9658.0,288,2599.444581
-8915.0,288,2600.009542
-9210.0,288,2600.630616
-9268.0,288,2601.244242
-10943.0,288,2601.99313
-8970.0,288,2603.884221
-10008.0,288,2604.526464
-8586.0,288,2605.133073
-11740.0,288,2605.754666
-8636.0,288,2606.318486
-9798.0,288,2606.932744
-8818.0,288,2607.506342
-11298.0,288,2609.486434
-10133.0,288,2613.352722
-9448.0,288,2613.925974
-8588.0,288,2614.67303
-9397.0,288,2615.257441
-8646.0,288,2615.84647
-9790.0,288,2616.45016
-11106.0,288,2618.279074
-10150.0,288,2618.897219
-9414.0,288,2619.487809
-10522.0,288,2620.122015
-8035.0,288,2620.709602
-10274.0,288,2621.46748
-10248.0,288,2622.078629
-9709.0,288,2623.91132
-11068.0,288,2624.55957
-9154.0,288,2625.182707
-9910.0,288,2625.79342
-10505.0,288,2629.644154
-8368.0,288,2630.254092
-9265.0,288,2630.850258
-9335.0,288,2632.642087
-8973.0,288,2633.282798
-9351.0,288,2634.064634
-9901.0,288,2634.701363
-10197.0,288,2635.330325
-11062.0,288,2635.96349
-11518.0,288,2636.597014
-9542.0,288,2638.420089
-10490.0,288,2639.046213
-8343.0,288,2639.66013
-8045.0,288,2640.420738
-9454.0,288,2640.994372
-8964.0,288,2641.597981
-8686.0,288,2642.187166
-9551.0,288,2644.027529
-7922.0,288,2648.134598
-8837.0,288,2648.7095
-9050.0,288,2649.325281
-9974.0,288,2649.958748
-9814.0,288,2650.598731
-9023.0,288,2651.228115
-9397.0,288,2653.087178
-8762.0,288,2653.824057
-9596.0,288,2654.439493
-10420.0,288,2655.058569
-10008.0,288,2655.694881
-10199.0,288,2656.318865
-8791.0,288,2656.923866
-8978.0,288,2658.716611
-9949.0,288,2659.332831
-8502.0,288,2659.95707
-12485.0,288,2660.783019
-7999.0,288,2664.685284
-9616.0,288,2665.29937
-10371.0,288,2666.051394
-8225.0,288,2666.658839
-11235.0,288,2668.512384
-8408.0,288,2669.109087
-8969.0,288,2669.696305
-11869.0,288,2670.329338
-9320.0,288,2670.971408
-8928.0,288,2671.571462
-8526.0,288,2672.314056
-11074.0,288,2674.200751
-10063.0,288,2674.805712
-9405.0,288,2675.436502
-11331.0,288,2676.05288
-9500.0,288,2676.657135
-12709.0,288,2677.290218
-9887.0,288,2681.363991
-10283.0,288,2683.250014
-8141.0,288,2683.850351
-8712.0,288,2684.466134
-9339.0,288,2685.090993
-9016.0,288,2685.870494
-11047.0,288,2686.518925
-10421.0,288,2687.147859
-11864.0,288,2689.022936
-10400.0,288,2689.663867
-8052.0,288,2690.266694
-9292.0,288,2690.877815
-9690.0,288,2691.478998
-9474.0,288,2692.244707
-9275.0,288,2692.919428
-8947.0,288,2694.733914
-9216.0,288,2695.379534
-9099.0,288,2696.008013
-9252.0,288,2700.071124
-10902.0,288,2700.681426
-9708.0,288,2701.274717
-8309.0,288,2701.863547
-10837.0,288,2703.674992
-10674.0,288,2704.299938
-9825.0,288,2704.935612
-9184.0,288,2705.698061
-10027.0,288,2706.339478
-10791.0,288,2706.980435
-9240.0,288,2707.571746
-10180.0,288,2709.374809
-9125.0,288,2709.956855
-9772.0,288,2710.564682
-9760.0,288,2711.145647
-8951.0,288,2711.890454
-9273.0,288,2712.501133
-10618.0,288,2716.436532
-10657.0,288,2718.269101
-8699.0,288,2719.003014
-10178.0,288,2719.6014
-9507.0,288,2720.200438
-9833.0,288,2720.819179
-9770.0,288,2721.46893
-9121.0,288,2722.093762
-11156.0,288,2723.960727
-11076.0,288,2724.593218
-9917.0,288,2725.360194
-7410.0,288,2725.916605
-10159.0,288,2726.511853
-11098.0,288,2727.14178
-9868.0,288,2727.760239
-9595.0,288,2728.399657
-9370.0,288,2730.236628
-11018.0,288,2734.281708
-9015.0,288,2734.921773
-7937.0,288,2735.508181
-8941.0,288,2736.106993
-10299.0,288,2736.723493
-9903.0,288,2737.492923
-9363.0,288,2739.36186
-9353.0,288,2739.97563
-9929.0,288,2740.607247
-9359.0,288,2741.213717
-9181.0,288,2741.806735
-9299.0,288,2742.415497
-8466.0,288,2742.994965
-9702.0,288,2745.003066
-9300.0,288,2745.639122
-9672.0,288,2746.274311
-9613.0,288,2746.888512
-10533.0,288,2747.523945
-8896.0,288,2751.64651
-10970.0,288,2752.287987
-9257.0,288,2754.112442
-9174.0,288,2754.720555
-9543.0,288,2755.328893
-9792.0,288,2755.952952
-10207.0,288,2756.572236
-11707.0,288,2757.35594
-9637.0,288,2757.985358
-9965.0,288,2759.82886
-8548.0,288,2760.398969
-9854.0,288,2761.038713
-10562.0,288,2761.672291
-9048.0,288,2762.256974
-9671.0,288,2762.883966
-9736.0,288,2763.664759
-11056.0,288,2765.504534
-10420.0,288,2769.465399
-9744.0,288,2770.107986
-8895.0,288,2770.857141
-10053.0,288,2771.453766
-10333.0,288,2772.072878
-9725.0,288,2772.666533
-8238.0,288,2774.490447
-11185.0,288,2775.127606
-8536.0,288,2775.726695
-9745.0,288,2776.338903
-9942.0,288,2777.127727
-8922.0,288,2777.753212
-10736.0,288,2778.382782
-11455.0,288,2780.24654
-8297.0,288,2780.865014
-9776.0,288,2781.499312
-10250.0,288,2782.121531
-9432.0,288,2782.715419
-8878.0,288,2786.812147
-9161.0,288,2787.431304
-8978.0,288,2789.315352
-7518.0,288,2789.888814
-10733.0,288,2790.677926
-9717.0,288,2791.305342
-10843.0,288,2791.949725
-10059.0,288,2792.588143
-8793.0,288,2793.194143
-10159.0,288,2793.82282
-8963.0,288,2795.659342
-8042.0,288,2796.239138
-9121.0,288,2797.000529
-11656.0,288,2797.622684
-9857.0,288,2798.238448
-9879.0,288,2798.854882
-9818.0,288,2799.462995
-11213.0,288,2804.557638
-10370.0,288,2805.216825
-10299.0,288,2805.8206
-9458.0,288,2806.424182
-11124.0,288,2807.059775
-10432.0,288,2807.716825
-9618.0,288,2808.473212
-10153.0,288,2810.299072
-13432.0,288,2810.930263
-8005.0,288,2811.527461
-12741.0,288,2812.153526
-12156.0,288,2812.778944
-9203.0,288,2813.347944
-11152.0,288,2813.973959
-9189.0,288,2815.788896
-9268.0,288,2816.554061
-10090.0,288,2817.159243
-9304.0,288,2820.722069
-10885.0,288,2821.473802
-9598.0,288,2822.073042
-9936.0,288,2822.72663
-9954.0,288,2824.553341
-8791.0,288,2825.139384
-9288.0,288,2825.740298
-10759.0,288,2826.351532
-9130.0,288,2826.950338
-8866.0,288,2827.699369
-9621.0,288,2828.311925
-10887.0,288,2830.150136
-9864.0,288,2830.749516
-11083.0,288,2831.352992
-8625.0,288,2831.957025
-10961.0,288,2832.577913
-8609.0,288,2833.21737
-8818.0,288,2833.972071
-9490.0,288,2839.186999
-9254.0,288,2839.811093
-10007.0,288,2840.437078
-9429.0,288,2841.210042
-9850.0,288,2841.837554
-8773.0,288,2842.416411
-9720.0,288,2843.051144
-9111.0,288,2844.920765
-10630.0,288,2845.553535
-8737.0,288,2846.179131
-9024.0,288,2846.788823
-9703.0,288,2847.558016
-10285.0,288,2848.195657
-10915.0,288,2848.826363
-8427.0,288,2850.661475
-9846.0,288,2851.284058
-9867.0,288,2851.912671
-11293.0,288,2856.07027
-9353.0,288,2856.702572
-12363.0,288,2857.340427
-10312.0,288,2857.983803
-10300.0,288,2858.612896
-9636.0,288,2860.456258
-8627.0,288,2861.199012
-10247.0,288,2861.830407
-9496.0,288,2862.463116
-10131.0,288,2863.101208
-9661.0,288,2863.717957
-9311.0,288,2864.323895
-9419.0,288,2866.177394
-8382.0,288,2866.752981
-9346.0,288,2867.530457
-9367.0,288,2868.147717
-9317.0,288,2868.768728
-10252.0,288,2872.728634
-11592.0,288,2873.530028
-8359.0,288,2875.386835
-11235.0,288,2876.025146
-8309.0,288,2876.61552
-10036.0,288,2877.254122
-8104.0,288,2877.873895
-9659.0,288,2878.486829
-10872.0,288,2879.122064
-9923.0,288,2881.09164
-11692.0,288,2881.72758
-8281.0,288,2882.379019
-9959.0,288,2883.015626
-9532.0,288,2883.650466
-9874.0,288,2884.29296
-10432.0,288,2884.940654
-9997.0,288,2886.849699
-8815.0,288,2887.585156
-8927.0,288,2891.539633
-9550.0,288,2892.163247
-8941.0,288,2892.780338
-9826.0,288,2893.548963
-10234.0,288,2894.15988
-8687.0,288,2895.969412
-9252.0,288,2896.520652
-9282.0,288,2897.129148
-10937.0,288,2897.758828
-11003.0,288,2898.375146
-8810.0,288,2898.987527
-8050.0,288,2899.768748
-8853.0,288,2901.564572
-9254.0,288,2902.188853
-10141.0,288,2902.79533
-9753.0,288,2903.431314
-9921.0,288,2904.067115
-10345.0,288,2908.171415
-11391.0,288,2908.822797
-9249.0,288,2910.638976
-9183.0,288,2911.258897
-9968.0,288,2911.892066
-9196.0,288,2912.51533
-10872.0,288,2913.294434
-11818.0,288,2913.929771
-9639.0,288,2914.53324
-9012.0,288,2916.315609
-9721.0,288,2916.915217
-10181.0,288,2917.546417
-10148.0,288,2918.164549
-8748.0,288,2918.738381
-8927.0,288,2919.470305
-8957.0,288,2920.079476
-10022.0,288,2920.679027
-11257.0,288,2925.909083
-9077.0,288,2926.692883
-8705.0,288,2927.298233
-9215.0,288,2927.933108
-10072.0,288,2928.562047
-7971.0,288,2929.147822
-10743.0,288,2929.776303
-8745.0,288,2931.625814
-8925.0,288,2932.261369
-10391.0,288,2933.052996
-8956.0,288,2933.627738
-9155.0,288,2934.211896
-9904.0,288,2934.831966
-8907.0,288,2935.439588
-10968.0,288,2937.299397
-8971.0,288,2937.932489
-9467.0,288,2938.549611
-10871.0,288,2939.314368
-10705.0,288,2943.244631
-7588.0,288,2943.838178
-8916.0,288,2944.449633
-8264.0,288,2946.387104
-9053.0,288,2946.993108
-9031.0,288,2947.590498
-9500.0,288,2948.216357
-10655.0,288,2948.865016
-9756.0,288,2949.495561
-9275.0,288,2950.119449
-10277.0,288,2951.947524
-10459.0,288,2952.694108
-11394.0,288,2953.312022
-9158.0,288,2953.951212
-9865.0,288,2954.55681
-8440.0,288,2955.134683
-9207.0,288,2955.722549
-9358.0,288,2960.932137
-9318.0,288,2961.553702
-14463.0,288,2962.182757
-12430.0,288,2962.811037
-9619.0,288,2963.439134
-10824.0,288,2964.254516
-8747.0,288,2964.890263
-9038.0,288,2966.761881
-9122.0,288,2967.410777
-11298.0,288,2968.053427
-9246.0,288,2968.692989
-9092.0,288,2969.347205
-9191.0,288,2969.962664
-9065.0,288,2970.599351
-8517.0,288,2972.552697
-8671.0,288,2973.166333
-10942.0,288,2973.805951
-9348.0,288,2974.414021
-11338.0,288,2978.552858
-9248.0,288,2979.192987
-9465.0,288,2979.827111
-8245.0,288,2981.668748
-9106.0,288,2982.272425
-9429.0,288,2982.864667
-9376.0,288,2983.460184
-12200.0,288,2984.109766
-10491.0,288,2984.897667
-10579.0,288,2985.579495
-8045.0,288,2986.196197
-9328.0,288,2988.028234
-10407.0,288,2988.653243
-10716.0,288,2989.292004
-8179.0,288,2989.889074
-8600.0,288,2990.521923
-9129.0,288,2991.295651
-11806.0,288,2995.343808
-9977.0,288,2997.213039
-8384.0,288,2997.9911
-8457.0,288,2998.572815
-10216.0,288,2999.216189
-8238.0,288,2999.784461
-9032.0,288,3000.376138
-8264.0,288,3000.949813
-8811.0,288,3002.836408
-9443.0,288,3003.45237
-9519.0,288,3004.085711
-11245.0,288,3004.870911
-11012.0,288,3005.518121
-8952.0,288,3006.150065
-10411.0,288,3006.785538
-9254.0,288,3008.626718
-10132.0,288,3009.266253
-10131.0,288,3013.372358
-8316.0,288,3013.990366
-8876.0,288,3014.599032
-8411.0,288,3015.167197
-8628.0,288,3015.754735
-8117.0,288,3017.73421
-10145.0,288,3018.355275
-7814.0,288,3018.960178
-8645.0,288,3019.523939
-8863.0,288,3020.127128
-8345.0,288,3020.702658
-10649.0,288,3021.342803
-9986.0,288,3023.15613
-10579.0,288,3023.78259
-10028.0,288,3024.5465
-9598.0,288,3025.164214
-9460.0,288,3025.799329
-8442.0,288,3026.389414
-9699.0,288,3030.501837
-10072.0,288,3032.362481
-9237.0,288,3032.948155
-9987.0,288,3033.560492
-9900.0,288,3034.186985
-10092.0,288,3034.809223
-10404.0,288,3035.453834
-8999.0,288,3036.192443
-9305.0,288,3038.051466
-9504.0,288,3038.663089
-8933.0,288,3039.286538
-10776.0,288,3039.923504
-10350.0,288,3040.556271
-8939.0,288,3041.20092
-9358.0,288,3041.835584
-12306.0,288,3043.690075
-8119.0,288,3044.432613
-8369.0,288,3048.299235
-9794.0,288,3048.93605
-8742.0,288,3049.681123
-10361.0,288,3050.284909
-11554.0,288,3050.920495
-9153.0,288,3051.532569
-10185.0,288,3053.349545
-9528.0,288,3053.966726
-10499.0,288,3054.596004
-9773.0,288,3055.185026
-10568.0,288,3055.941829
-9763.0,288,3056.561719
-8273.0,288,3057.137342
-9550.0,288,3058.985794
-10084.0,288,3059.622849
-8167.0,288,3060.231245
-10565.0,288,3060.875277
-10422.0,288,3064.980129
-8169.0,288,3065.581446
-9883.0,288,3066.14071
-8829.0,288,3067.985263
-9593.0,288,3068.609506
-9635.0,288,3069.393693
-10296.0,288,3070.04882
-9161.0,288,3070.631428
-10021.0,288,3071.248662
-9404.0,288,3071.895955
-10102.0,288,3073.697556
-9256.0,288,3074.318686
-9778.0,288,3074.934837
-9302.0,288,3075.680819
-11588.0,288,3076.310503
-8031.0,288,3076.943766
-10263.0,288,3077.560229
-8577.0,288,3079.380014
-11233.0,288,3083.436515
-8998.0,288,3084.06312
-9759.0,288,3084.678982
-8974.0,288,3085.296706
-9396.0,288,3085.884141
-10219.0,288,3086.493644
-8256.0,288,3088.314403
-12730.0,288,3089.105019
-9822.0,288,3089.705625
-9435.0,288,3090.303482
-10060.0,288,3090.900007
-10532.0,288,3091.51613
-8989.0,288,3092.157734
-10194.0,288,3093.999627
-11787.0,288,3094.634464
-10928.0,288,3095.413761
-9560.0,288,3096.047702
-9680.0,288,3099.998116
-9478.0,288,3100.608932
-10566.0,288,3101.380452
-10294.0,288,3103.240798
-10228.0,288,3103.843941
-10653.0,288,3104.479413
-10630.0,288,3105.119337
-10896.0,288,3105.749101
-9576.0,288,3106.368539
-9620.0,288,3106.992764
-9276.0,288,3108.925602
-10168.0,288,3109.537234
-9799.0,288,3110.176781
-9428.0,288,3110.805608
-9261.0,288,3111.434851
-10200.0,288,3112.048713
-8081.0,288,3112.62619
-8902.0,288,3116.729137
-11265.0,288,3118.567927
-10348.0,288,3119.190519
-9720.0,288,3119.825346
-11938.0,288,3120.480708
-9685.0,288,3121.258619
-11910.0,288,3121.897376
-8246.0,288,3122.513384
-8429.0,288,3124.33042
-9542.0,288,3124.965142
-8940.0,288,3125.62264
-8505.0,288,3126.227763
-10342.0,288,3126.871358
-10910.0,288,3127.662519
-9554.0,288,3128.278489
-8251.0,288,3130.112505
-11542.0,288,3130.750606
-10065.0,288,3131.37343
-11308.0,288,3135.543356
-9098.0,288,3136.206948
-7765.0,288,3136.787119
-9605.0,288,3137.41737
-10688.0,288,3139.26739
-9281.0,288,3139.900578
-10104.0,288,3140.537723
-10976.0,288,3141.317977
-11441.0,288,3141.959
-7942.0,288,3142.55854
-10433.0,288,3143.195241
-8299.0,288,3145.046849
-10922.0,288,3145.685737
-8717.0,288,3146.301328
-10869.0,288,3146.940538
-9417.0,288,3147.712671
-8157.0,288,3148.32185
-9630.0,288,3152.336117
-9470.0,288,3154.166749
-8058.0,288,3154.890721
-9160.0,288,3155.495442
-10819.0,288,3156.117857
-9293.0,288,3156.739498
-8346.0,288,3157.348285
-8797.0,288,3157.963695
-10005.0,288,3159.77899
-9647.0,288,3160.414427
-9869.0,288,3161.192877
-11306.0,288,3161.839192
-8794.0,288,3162.463263
-9089.0,288,3163.10126
-7959.0,288,3163.677915
-8315.0,288,3165.491069
-9844.0,288,3166.122535
-9492.0,288,3170.247672
-8706.0,288,3170.85728
-9378.0,288,3171.494067
-9655.0,288,3172.093063
-9765.0,288,3172.694411
-9487.0,288,3174.660431
-9234.0,288,3175.270224
-9575.0,288,3175.868229
-9430.0,288,3176.501478
-9538.0,288,3177.129045
-10578.0,288,3177.760623
-9100.0,288,3178.381976
-10921.0,288,3179.008911
-10578.0,288,3181.044997
-9193.0,288,3181.677006
-9641.0,288,3182.324847
-9121.0,288,3182.924404
-10061.0,288,3183.540294
-9476.0,288,3187.73966
-8545.0,288,3188.367216
-10614.0,288,3190.248131
-7817.0,288,3190.84688
-9433.0,288,3191.458916
-9945.0,288,3192.097214
-9560.0,288,3192.733683
-8416.0,288,3193.496516
-8863.0,288,3194.127826
-10436.0,288,3195.992825
-11215.0,288,3196.630057
-9448.0,288,3197.311232
-9345.0,288,3197.950346
-9124.0,288,3198.564163
-8162.0,288,3199.1964
-10398.0,288,3199.985208
-11261.0,288,3201.829096
-8776.0,288,3205.790423
-10706.0,288,3206.427912
-9498.0,288,3207.174433
-10555.0,288,3207.794346
-11261.0,288,3208.424293
-9254.0,288,3209.063692
-9144.0,288,3210.886199
-10705.0,288,3211.527055
-10073.0,288,3212.154058
-9547.0,288,3212.768981
-7932.0,288,3213.512782
-11486.0,288,3214.132198
-9498.0,288,3214.735436
-9222.0,288,3216.583395
-10590.0,288,3217.225339
-10160.0,288,3217.892796
-10280.0,288,3218.517688
-10842.0,288,3219.155227
-8282.0,288,3223.285683
-10012.0,288,3223.939627
-11475.0,288,3225.744732
-8831.0,288,3226.379649
-8453.0,288,3227.126979
-10081.0,288,3227.773695
-9525.0,288,3228.393337
-10293.0,288,3229.024807
-10870.0,288,3229.658648
-9117.0,288,3231.527845
-11155.0,288,3232.155941
-7714.0,288,3232.753748
-10259.0,288,3233.534297
-15333.0,288,3234.179097
-9374.0,288,3234.81725
-11293.0,288,3235.453314
-10392.0,288,3237.320118
-8956.0,288,3241.057316
-10725.0,288,3241.710948
-9323.0,288,3242.315083
-9746.0,288,3242.944783
-9827.0,288,3243.582485
-9414.0,288,3244.207489
-8962.0,288,3244.786982
-9128.0,288,3246.799922
-10005.0,288,3247.433795
-8670.0,288,3248.036281
-10707.0,288,3248.667862
-9493.0,288,3249.294766
-8603.0,288,3249.90643
-10853.0,288,3250.551448
-11254.0,288,3252.410523
-9299.0,288,3253.202061
-10380.0,288,3253.841655
-11461.0,288,3257.88295
-10987.0,288,3258.502276
-9999.0,288,3259.292455
-9549.0,288,3259.92278
-8400.0,288,3261.755913
-9659.0,288,3262.390536
-8226.0,288,3262.974843
-12052.0,288,3263.621873
-9411.0,288,3264.232109
-10625.0,288,3264.853316
-8421.0,288,3265.579817
-9717.0,288,3267.4068
-8733.0,288,3268.049113
-10676.0,288,3268.699064
-7903.0,288,3269.280237
-10159.0,288,3269.91253
-9156.0,288,3270.535891
-10751.0,288,3271.168389
-8917.0,288,3276.451249
-8677.0,288,3277.050607
-8415.0,288,3277.628121
-8918.0,288,3278.209125
-8577.0,288,3278.947858
-10203.0,288,3279.570124
-9518.0,288,3280.171934
-10276.0,288,3282.049955
-10261.0,288,3282.674177
-9581.0,288,3283.320947
-9693.0,288,3283.958861
-10065.0,288,3284.603414
-11752.0,288,3285.383653
-9634.0,288,3286.037614
-8048.0,288,3287.846595
-8003.0,288,3288.435043
-9049.0,288,3289.041821
-9964.0,288,3293.148349
-9573.0,288,3293.836471
-9477.0,288,3294.487458
-7299.0,288,3295.075373
-10092.0,288,3296.981833
-9038.0,288,3297.590792
-11496.0,288,3298.228837
-10530.0,288,3299.016582
-9079.0,288,3299.634989
-9569.0,288,3300.271135
-10559.0,288,3300.915025
-9996.0,288,3302.744716
-9902.0,288,3303.357159
-7715.0,288,3303.927296
-11278.0,288,3304.548737
-10234.0,288,3305.336337
-9009.0,288,3305.945783
-10201.0,288,3309.749605
-9421.0,288,3310.50748
-11090.0,288,3312.35382
-8424.0,288,3312.913929
-9571.0,288,3313.533039
-8078.0,288,3314.094393
-9752.0,288,3314.687361
-12153.0,288,3315.30906
-10238.0,288,3315.903206
-10597.0,288,3317.72881
-9674.0,288,3318.503062
-9454.0,288,3319.126173
-8371.0,288,3319.722189
-9873.0,288,3320.344212
-10638.0,288,3320.976328
-9949.0,288,3321.553612
-11694.0,288,3323.376525
-10609.0,288,3323.963485
-10124.0,288,3328.125846
-9438.0,288,3328.744757
-9657.0,288,3329.327769
-8724.0,288,3330.068217
-9441.0,288,3330.678766
